issue,date,red1,red2,red3,red4,red5,red6,red7,blue1
2013001,2013-01-02(三),03,07,08,12,13,15,22,21
2013002,2013-01-04(五),08,15,16,18,19,25,28,02
2013003,2013-01-07(一),04,06,13,16,18,19,25,24
2013004,2013-01-09(三),02,07,08,14,17,20,25,09
2013005,2013-01-11(五),03,10,11,20,24,25,28,27
2013006,2013-01-14(一),01,08,13,16,21,25,29,18
2013007,2013-01-16(三),01,02,04,05,06,15,26,19
2013008,2013-01-18(五),02,19,21,23,25,27,28,18
2013009,2013-01-21(一),08,15,18,19,20,26,29,01
2013010,2013-01-23(三),01,02,13,14,16,19,26,05
2013011,2013-01-25(五),02,03,07,08,10,16,20,29
2013012,2013-01-28(一),03,05,08,13,19,22,29,06
2013013,2013-01-30(三),04,10,19,20,21,23,26,02
2013014,2013-02-01(五),01,12,14,19,25,26,30,03
2013015,2013-02-04(一),01,05,06,12,18,19,28,09
2013016,2013-02-06(三),04,05,06,08,22,25,30,14
2013017,2013-02-08(五),04,08,09,11,14,24,29,10
2013018,2013-02-18(一),05,12,20,21,24,26,30,25
2013019,2013-02-20(三),05,18,19,20,24,25,27,14
2013020,2013-02-22(五),01,02,07,13,23,25,30,22
2013021,2013-02-25(一),04,06,08,12,22,25,28,17
2013022,2013-02-27(三),01,03,06,13,24,26,28,11
2013023,2013-03-01(五),01,10,13,20,24,25,28,02
2013024,2013-03-04(一),09,10,19,20,21,22,30,28
2013025,2013-03-06(三),04,07,10,19,26,27,29,16
2013026,2013-03-08(五),06,09,14,17,20,21,26,12
2013027,2013-03-11(一),01,05,07,13,18,23,28,10
2013028,2013-03-13(三),02,03,14,18,24,25,30,26
2013029,2013-03-15(五),01,02,08,12,15,21,25,20
2013030,2013-03-18(一),01,04,06,12,14,20,28,13
2013031,2013-03-20(三),05,06,07,14,16,22,23,21
2013032,2013-03-22(五),05,07,15,16,22,27,28,25
2013033,2013-03-25(一),05,11,18,19,22,26,28,04
2013034,2013-03-27(三),01,04,09,15,16,26,30,11
2013035,2013-03-29(五),05,09,12,14,19,26,30,21
2013036,2013-04-01(一),01,05,12,17,20,23,27,09
2013037,2013-04-03(三),01,07,17,21,23,24,30,13
2013038,2013-04-05(五),06,07,11,15,16,26,29,02
2013039,2013-04-08(一),02,07,08,09,21,25,30,23
2013040,2013-04-10(三),02,03,11,12,15,22,24,10
2013041,2013-04-12(五),01,04,06,10,14,27,30,25
2013042,2013-04-15(一),06,07,09,10,11,12,19,08
2013043,2013-04-17(三),03,04,12,14,15,19,26,24
2013044,2013-04-19(五),06,09,14,20,21,22,25,02
2013045,2013-04-22(一),03,08,13,18,21,25,27,30
2013046,2013-04-24(三),01,07,12,19,21,27,29,25
2013047,2013-04-26(五),04,13,17,18,19,23,24,07
2013048,2013-04-29(一),01,11,17,18,20,21,27,12
2013049,2013-05-01(三),01,03,10,12,13,15,20,06
2013050,2013-05-03(五),02,04,06,12,18,23,28,14
2013051,2013-05-06(一),01,03,06,07,24,25,30,21
2013052,2013-05-08(三),02,03,10,12,20,23,27,22
2013053,2013-05-10(五),01,04,07,08,10,24,30,05
2013054,2013-05-13(一),07,13,14,17,18,26,27,29
2013055,2013-05-15(三),03,08,14,15,16,22,25,24
2013056,2013-05-17(五),01,03,07,08,09,15,16,18
2013057,2013-05-20(一),01,03,06,08,11,21,25,28
2013058,2013-05-22(三),07,09,10,18,20,28,30,21
2013059,2013-05-24(五),03,07,13,18,23,27,30,06
2013060,2013-05-27(一),01,06,09,14,16,20,28,25
2013061,2013-05-29(三),05,11,20,21,22,23,24,10
2013062,2013-05-31(五),01,08,15,19,25,27,30,06
2013063,2013-06-03(一),04,11,13,16,20,21,23,14
2013064,2013-06-05(三),01,07,08,12,20,21,25,09
2013065,2013-06-07(五),02,08,21,22,24,27,29,06
2013066,2013-06-10(一),02,03,05,12,13,26,30,23
2013067,2013-06-12(三),04,09,11,16,18,24,28,26
2013068,2013-06-14(五),03,08,09,13,14,17,22,12
2013069,2013-06-17(一),04,14,15,20,22,26,28,27
2013070,2013-06-19(三),06,09,10,15,20,23,29,26
2013071,2013-06-21(五),02,05,07,12,19,28,30,09
2013072,2013-06-24(一),07,08,11,16,17,24,29,27
2013073,2013-06-26(三),07,08,11,12,17,18,28,23
2013074,2013-06-28(五),03,06,07,21,25,28,29,05
2013075,2013-07-01(一),01,05,09,14,21,23,27,25
2013076,2013-07-03(三),03,04,12,19,22,23,28,07
2013077,2013-07-05(五),01,04,05,15,24,25,27,08
2013078,2013-07-08(一),13,18,22,24,25,26,29,30
2013079,2013-07-10(三),01,02,15,17,18,21,22,16
2013080,2013-07-12(五),09,13,15,20,22,29,30,08
2013081,2013-07-15(一),04,05,16,22,23,27,28,12
2013082,2013-07-17(三),10,12,14,18,19,22,28,04
2013083,2013-07-19(五),02,07,08,20,21,26,28,25
2013084,2013-07-22(一),02,03,05,08,15,18,26,30
2013085,2013-07-24(三),02,04,12,13,17,21,26,28
2013086,2013-07-26(五),01,06,07,09,10,25,26,22
2013087,2013-07-29(一),02,03,13,17,20,28,30,29
2013088,2013-07-31(三),04,05,06,07,18,20,24,17
2013089,2013-08-02(五),02,04,08,11,13,23,26,30
2013090,2013-08-05(一),01,04,10,12,17,23,25,19
2013091,2013-08-07(三),03,04,10,12,15,22,27,29
2013092,2013-08-09(五),03,06,07,11,17,23,24,15
2013093,2013-08-12(一),05,07,11,14,22,25,30,15
2013094,2013-08-14(三),10,12,17,19,20,21,23,30
2013095,2013-08-16(五),01,07,08,14,26,27,30,10
2013096,2013-08-19(一),09,15,16,19,20,24,26,10
2013097,2013-08-21(三),10,11,14,16,18,21,23,22
2013098,2013-08-23(五),07,08,09,11,14,23,28,05
2013099,2013-08-26(一),01,02,12,20,22,26,30,10
2013100,2013-08-28(三),02,09,11,12,22,26,29,07
2013101,2013-08-30(五),06,10,17,18,19,24,29,21
2013102,2013-09-02(一),02,08,09,13,14,19,25,28
2013103,2013-09-04(三),07,09,12,13,16,20,21,05
2013104,2013-09-06(五),01,03,08,09,12,15,17,07
2013105,2013-09-09(一),02,07,08,09,12,21,24,04
2013106,2013-09-11(三),09,17,18,19,26,29,30,25
2013107,2013-09-13(五),06,12,13,18,23,25,30,22
2013108,2013-09-16(一),01,08,12,15,24,25,26,04
2013109,2013-09-18(三),03,04,05,12,14,24,28,01
2013110,2013-09-20(五),03,05,08,15,16,17,27,09
2013111,2013-09-23(一),01,02,08,18,19,21,29,26
2013112,2013-09-25(三),01,03,07,24,26,27,29,13
2013113,2013-09-27(五),06,10,13,16,25,26,29,21
2013114,2013-09-30(一),05,06,08,09,10,12,24,29
2013115,2013-10-02(三),02,06,07,12,13,16,17,22
2013116,2013-10-04(五),06,07,10,13,16,25,27,23
2013117,2013-10-07(一),02,03,05,16,17,19,25,12
2013118,2013-10-09(三),03,10,11,12,16,19,30,17
2013119,2013-10-11(五),05,10,18,21,26,28,29,11
2013120,2013-10-14(一),01,04,09,13,16,19,27,08
2013121,2013-10-16(三),01,03,06,11,13,16,28,21
2013122,2013-10-18(五),08,09,15,16,20,21,24,10
2013123,2013-10-21(一),02,06,07,09,11,14,29,18
2013124,2013-10-23(三),02,07,09,13,14,24,28,23
2013125,2013-10-25(五),01,04,23,25,27,28,29,03
2013126,2013-10-28(一),04,09,13,17,21,24,28,25
2013127,2013-10-30(三),02,07,10,11,22,24,27,25
2013128,2013-11-01(五),07,10,17,24,27,28,29,14
2013129,2013-11-04(一),04,06,09,11,14,17,27,30
2013130,2013-11-06(三),08,09,12,15,18,21,28,16
2013131,2013-11-08(五),11,12,15,16,24,25,30,10
2013132,2013-11-11(一),09,12,16,17,19,23,28,10
2013133,2013-11-13(三),05,07,10,22,23,24,27,30
2013134,2013-11-15(五),01,07,08,09,10,26,29,24
2013135,2013-11-18(一),01,03,05,07,19,21,24,22
2013136,2013-11-20(三),03,05,07,10,14,29,30,16
2013137,2013-11-22(五),05,07,12,21,27,28,30,16
2013138,2013-11-25(一),07,09,13,16,17,26,28,05
2013139,2013-11-27(三),02,05,07,12,15,21,24,27
2013140,2013-11-29(五),04,06,07,15,23,26,27,10
2013141,2013-12-02(一),06,09,11,12,14,16,24,03
2013142,2013-12-04(三),01,02,04,21,22,23,25,05
2013143,2013-12-06(五),01,11,16,17,18,24,27,07
2013144,2013-12-09(一),04,09,15,17,25,28,30,21
2013145,2013-12-11(三),02,07,09,15,19,21,28,01
2013146,2013-12-13(五),01,02,06,07,08,11,20,26
2013147,2013-12-16(一),03,06,10,12,13,15,29,24
2013148,2013-12-18(三),02,13,14,20,22,25,28,16
2013149,2013-12-20(五),01,05,07,11,18,22,25,26
2013150,2013-12-23(一),03,07,10,13,15,25,30,20
2013151,2013-12-25(三),12,16,23,25,27,28,29,30
2013152,2013-12-27(五),01,04,06,11,14,16,24,03
2013153,2013-12-30(一),05,19,20,22,26,28,30,02
2014001,2014-01-01(三),03,04,09,18,19,20,27,16
2014002,2014-01-03(五),01,07,11,16,18,21,28,12
2014003,2014-01-06(一),03,11,14,16,19,24,27,09
2014004,2014-01-08(三),07,13,16,19,23,24,27,04
2014005,2014-01-10(五),05,12,13,21,24,27,28,15
2014006,2014-01-13(一),06,07,09,10,25,26,28,22
2014007,2014-01-15(三),01,02,03,04,07,08,11,16
2014008,2014-01-17(五),02,06,10,14,22,27,30,23
2014009,2014-01-20(一),01,09,17,18,21,22,25,13
2014010,2014-01-22(三),01,07,16,19,21,23,27,10
2014011,2014-01-24(五),01,03,10,17,22,29,30,25
2014012,2014-01-27(一),06,08,15,19,24,26,29,27
2014013,2014-01-29(三),05,06,09,16,19,21,30,18
2014014,2014-02-07(五),02,08,21,26,27,28,30,15
2014015,2014-02-10(一),02,05,15,19,20,23,26,10
2014016,2014-02-12(三),04,06,07,12,18,19,30,11
2014017,2014-02-14(五),01,11,12,15,24,28,30,07
2014018,2014-02-17(一),01,06,08,12,25,27,28,23
2014019,2014-02-19(三),04,05,06,17,18,22,28,01
2014020,2014-02-21(五),01,03,09,13,17,20,26,19
2014021,2014-02-24(一),01,02,07,14,24,25,28,05
2014022,2014-02-26(三),03,07,08,11,12,15,18,22
2014023,2014-02-28(五),02,05,06,18,24,27,28,11
2014024,2014-03-03(一),09,10,15,18,19,23,30,26
2014025,2014-03-05(三),01,02,05,10,12,18,28,25
2014026,2014-03-07(五),06,13,15,18,19,20,27,11
2014027,2014-03-10(一),01,08,10,13,20,26,29,09
2014028,2014-03-12(三),08,12,14,18,20,22,29,19
2014029,2014-03-14(五),05,06,14,24,25,27,29,04
2014030,2014-03-17(一),03,07,10,19,23,26,30,22
2014031,2014-03-19(三),04,07,10,15,17,22,25,29
2014032,2014-03-21(五),01,12,13,15,25,28,30,04
2014033,2014-03-24(一),04,05,06,10,13,18,28,09
2014034,2014-03-26(三),04,15,17,18,22,28,29,08
2014035,2014-03-28(五),02,09,13,16,25,29,30,18
2014036,2014-03-31(一),03,12,14,19,23,24,29,17
2014037,2014-04-02(三),03,04,08,11,21,26,28,22
2014038,2014-04-04(五),02,04,05,10,13,21,30,14
2014039,2014-04-07(一),04,06,08,16,24,25,28,30
2014040,2014-04-09(三),01,09,16,19,25,28,30,11
2014041,2014-04-11(五),08,14,15,16,18,19,26,28
2014042,2014-04-14(一),03,06,11,19,20,23,27,13
2014043,2014-04-16(三),02,03,08,11,19,22,23,04
2014044,2014-04-18(五),01,02,08,09,14,17,30,27
2014045,2014-04-21(一),03,09,12,13,14,21,22,16
2014046,2014-04-23(三),03,08,10,11,14,20,22,28
2014047,2014-04-25(五),04,11,12,13,18,22,30,02
2014048,2014-04-28(一),01,03,08,16,23,27,28,18
2014049,2014-04-30(三),04,05,07,11,12,16,21,29
2014050,2014-05-02(五),04,07,12,17,22,24,25,21
2014051,2014-05-05(一),04,06,08,10,13,15,21,29
2014052,2014-05-07(三),05,13,17,20,21,24,26,22
2014053,2014-05-09(五),08,17,20,23,24,28,29,12
2014054,2014-05-12(一),03,07,18,19,23,25,26,04
2014055,2014-05-14(三),02,05,14,16,21,23,30,03
2014056,2014-05-16(五),01,07,17,19,22,24,30,02
2014057,2014-05-19(一),05,08,11,13,21,24,27,30
2014058,2014-05-21(三),05,09,10,15,23,29,30,20
2014059,2014-05-23(五),03,14,15,16,25,26,27,05
2014060,2014-05-26(一),01,04,11,18,23,25,30,02
2014061,2014-05-28(三),06,08,11,19,20,22,26,21
2014062,2014-05-30(五),01,04,14,15,20,28,30,27
2014063,2014-06-02(一),02,09,11,12,14,27,28,13
2014064,2014-06-04(三),06,07,08,10,14,22,26,21
2014065,2014-06-06(五),08,10,11,25,27,29,30,13
2014066,2014-06-09(一),03,10,16,20,21,27,28,12
2014067,2014-06-11(三),06,18,22,23,25,26,27,04
2014068,2014-06-13(五),02,09,10,13,15,21,30,05
2014069,2014-06-16(一),01,09,11,17,19,22,26,21
2014070,2014-06-18(三),04,11,14,22,23,25,27,12
2014071,2014-06-20(五),06,08,11,16,17,18,22,27
2014072,2014-06-23(一),01,03,04,08,09,17,21,19
2014073,2014-06-25(三),03,05,06,08,09,21,23,14
2014074,2014-06-27(五),02,03,06,08,19,20,27,23
2014075,2014-06-30(一),02,11,14,17,24,25,28,21
2014076,2014-07-02(三),07,14,16,22,24,26,28,09
2014077,2014-07-04(五),14,16,17,19,22,27,30,25
2014078,2014-07-07(一),02,13,17,20,23,26,27,28
2014079,2014-07-09(三),08,09,14,16,18,24,25,10
2014080,2014-07-11(五),01,04,17,24,26,27,28,07
2014081,2014-07-14(一),01,11,14,19,21,24,29,16
2014082,2014-07-16(三),03,07,09,10,12,18,27,05
2014083,2014-07-18(五),13,14,16,20,21,25,28,08
2014084,2014-07-21(一),10,13,17,18,24,25,27,06
2014085,2014-07-23(三),02,05,07,10,19,26,28,22
2014086,2014-07-25(五),02,03,04,10,21,29,30,19
2014087,2014-07-28(一),09,13,16,18,24,28,30,25
2014088,2014-07-30(三),06,11,14,18,19,20,30,16
2014089,2014-08-01(五),06,09,12,23,24,25,26,27
2014090,2014-08-04(一),06,10,14,16,22,25,30,29
2014091,2014-08-06(三),05,06,07,20,21,24,28,18
2014092,2014-08-08(五),01,02,03,09,21,24,28,07
2014093,2014-08-11(一),05,08,09,13,15,18,24,02
2014094,2014-08-13(三),05,06,08,14,17,21,25,23
2014095,2014-08-15(五),02,04,05,06,08,16,27,22
2014096,2014-08-18(一),08,09,16,19,20,21,23,30
2014097,2014-08-20(三),02,06,08,14,19,20,26,04
2014098,2014-08-22(五),01,04,11,15,16,22,28,25
2014099,2014-08-25(一),04,10,11,17,23,25,30,19
2014100,2014-08-27(三),02,09,11,19,20,24,25,26
2014101,2014-08-29(五),03,05,09,14,15,25,29,11
2014102,2014-09-01(一),01,09,14,15,16,17,18,21
2014103,2014-09-03(三),06,17,19,21,22,26,28,10
2014104,2014-09-05(五),05,06,09,11,12,13,19,20
2014105,2014-09-08(一),01,05,11,12,20,21,22,25
2014106,2014-09-10(三),12,15,16,20,22,29,30,27
2014107,2014-09-12(五),03,05,07,09,15,18,25,29
2014108,2014-09-15(一),01,08,13,20,25,28,29,03
2014109,2014-09-17(三),01,03,08,09,15,23,28,25
2014110,2014-09-19(五),04,05,11,13,18,21,23,10
2014111,2014-09-22(一),03,05,08,16,21,29,30,22
2014112,2014-09-24(三),02,04,08,12,15,18,27,03
2014113,2014-09-26(五),08,09,11,13,17,23,29,24
2014114,2014-09-29(一),02,11,16,17,21,23,29,03
2014115,2014-10-01(三),06,18,19,20,25,26,27,11
2014116,2014-10-03(五),01,06,08,10,19,21,27,14
2014117,2014-10-06(一),05,09,11,12,14,19,28,22
2014118,2014-10-08(三),07,15,18,21,25,29,30,12
2014119,2014-10-10(五),01,06,07,10,15,16,20,09
2014120,2014-10-13(一),02,05,16,17,19,21,25,29
2014121,2014-10-15(三),02,08,10,21,22,27,29,12
2014122,2014-10-17(五),01,04,06,12,17,27,29,16
2014123,2014-10-20(一),06,10,11,19,23,24,28,14
2014124,2014-10-22(三),01,14,21,23,24,26,28,05
2014125,2014-10-24(五),01,09,20,21,22,23,29,15
2014126,2014-10-27(一),02,10,11,18,19,21,25,26
2014127,2014-10-29(三),05,07,10,18,19,21,27,28
2014128,2014-10-31(五),02,03,08,10,24,27,28,01
2014129,2014-11-03(一),02,04,06,08,09,10,11,21
2014130,2014-11-05(三),03,06,10,15,17,19,25,29
2014131,2014-11-07(五),06,08,10,22,23,24,26,21
2014132,2014-11-10(一),03,04,06,09,12,22,30,25
2014133,2014-11-12(三),03,04,09,10,12,16,22,11
2014134,2014-11-14(五),05,12,18,20,21,23,30,01
2014135,2014-11-17(一),05,11,16,19,20,22,23,06
2014136,2014-11-19(三),02,14,16,19,25,27,29,07
2014137,2014-11-21(五),02,04,05,06,07,11,12,19
2014138,2014-11-24(一),06,08,15,17,18,21,22,20
2014139,2014-11-26(三),02,05,10,21,23,24,25,04
2014140,2014-11-28(五),10,12,19,21,24,26,28,23
2014141,2014-12-01(一),04,05,12,19,22,24,29,15
2014142,2014-12-03(三),07,12,19,20,21,24,26,18
2014143,2014-12-05(五),12,16,17,19,20,25,29,01
2014144,2014-12-08(一),03,09,10,16,25,27,30,21
2014145,2014-12-10(三),04,09,17,26,27,28,29,14
2014146,2014-12-12(五),06,08,10,15,23,28,29,24
2014147,2014-12-15(一),05,09,10,15,27,28,30,21
2014148,2014-12-17(三),03,07,12,14,16,22,24,21
2014149,2014-12-19(五),03,15,18,20,24,27,30,25
2014150,2014-12-22(一),05,07,09,10,13,14,20,27
2014151,2014-12-24(三),03,04,16,17,24,25,30,01
2014152,2014-12-26(五),01,04,08,11,25,27,29,20
2014153,2014-12-29(一),06,07,09,17,18,20,29,15
2014154,2014-12-31(三),03,08,09,19,22,26,28,15
2015001,2015-01-02(五),09,12,18,20,21,22,27,06
2015002,2015-01-05(一),02,03,10,18,25,27,30,24
2015003,2015-01-07(三),06,07,11,13,17,19,30,20
2015004,2015-01-09(五),08,10,12,13,18,22,24,20
2015005,2015-01-12(一),08,14,18,23,25,28,29,03
2015006,2015-01-14(三),07,10,13,18,21,27,28,05
2015007,2015-01-16(五),03,04,05,11,16,18,23,17
2015008,2015-01-19(一),03,04,06,11,17,23,25,28
2015009,2015-01-21(三),02,06,07,11,19,23,30,04
2015010,2015-01-23(五),05,09,15,21,26,27,30,17
2015011,2015-01-26(一),01,03,04,09,14,19,25,06
2015012,2015-01-28(三),02,05,06,11,16,18,23,12
2015013,2015-01-30(五),05,15,20,21,22,24,25,28
2015014,2015-02-02(一),01,11,16,23,26,27,30,19
2015015,2015-02-04(三),06,08,11,20,22,25,27,30
2015016,2015-02-06(五),03,08,09,14,27,29,30,24
2015017,2015-02-09(一),02,04,11,19,21,23,26,30
2015018,2015-02-11(三),02,04,08,12,15,19,28,14
2015019,2015-02-13(五),04,07,11,13,24,26,29,08
2015020,2015-02-16(一),03,06,07,11,25,29,30,17
2015021,2015-02-25(三),07,09,10,11,13,22,23,16
2015022,2015-02-27(五),07,12,14,17,18,23,26,05
2015023,2015-03-02(一),03,05,10,17,20,23,25,19
2015024,2015-03-04(三),08,10,19,23,24,26,29,12
2015025,2015-03-06(五),03,09,10,15,17,21,24,18
2015026,2015-03-09(一),09,12,13,15,20,22,23,29
2015027,2015-03-11(三),02,03,05,12,18,19,27,21
2015028,2015-03-13(五),06,19,21,22,23,27,29,05
2015029,2015-03-16(一),04,09,12,14,19,20,22,03
2015030,2015-03-18(三),03,05,14,15,23,24,27,11
2015031,2015-03-20(五),01,09,15,24,25,26,30,06
2015032,2015-03-23(一),02,03,04,06,10,19,27,08
2015033,2015-03-25(三),03,12,13,15,18,21,26,09
2015034,2015-03-27(五),08,14,16,17,27,28,30,29
2015035,2015-03-30(一),04,05,07,08,10,22,26,29
2015036,2015-04-01(三),05,06,11,13,22,28,30,07
2015037,2015-04-03(五),09,13,16,19,25,26,29,20
2015038,2015-04-06(一),03,10,14,22,23,24,27,17
2015039,2015-04-09(四),04,05,17,20,22,23,27,14
2015040,2015-04-10(五),01,02,08,13,16,17,26,27
2015041,2015-04-13(一),02,04,09,12,13,14,30,23
2015042,2015-04-15(三),02,07,14,16,17,20,22,18
2015043,2015-04-17(五),01,02,06,13,14,15,21,12
2015044,2015-04-20(一),02,06,10,18,19,26,29,16
2015045,2015-04-22(三),12,14,18,21,22,28,29,30
2015046,2015-04-24(五),01,04,13,17,19,21,23,14
2015047,2015-04-27(一),03,07,10,11,15,24,30,06
2015048,2015-04-29(三),01,02,10,12,20,22,29,14
2015049,2015-05-01(五),05,10,13,15,16,25,26,28
2015050,2015-05-04(一),04,07,09,17,26,29,30,27
2015051,2015-05-06(三),02,10,11,13,22,24,27,19
2015052,2015-05-08(五),02,04,05,13,19,21,27,09
2015053,2015-05-11(一),04,07,09,14,18,21,28,13
2015054,2015-05-13(三),01,07,09,10,12,23,25,18
2015055,2015-05-15(五),02,03,05,17,21,25,26,09
2015056,2015-05-18(一),05,08,19,24,26,28,30,25
2015057,2015-05-20(三),04,08,10,15,20,22,27,28
2015058,2015-05-22(五),07,08,12,21,26,29,30,09
2015059,2015-05-25(一),02,04,06,20,26,29,30,03
2015060,2015-05-27(三),03,04,14,16,24,27,29,25
2015061,2015-05-29(五),04,06,07,16,18,23,25,15
2015062,2015-06-01(一),03,08,09,11,15,19,30,12
2015063,2015-06-03(三),02,05,11,12,15,17,24,03
2015064,2015-06-05(五),02,08,15,18,25,27,30,21
2015065,2015-06-08(一),02,04,05,06,15,19,24,09
2015066,2015-06-10(三),01,06,07,09,15,16,28,12
2015067,2015-06-12(五),03,05,12,20,21,26,28,29
2015068,2015-06-15(一),01,04,05,10,15,19,30,28
2015069,2015-06-17(三),03,07,13,15,17,28,30,08
2015070,2015-06-19(五),01,02,05,10,15,25,28,27
2015071,2015-06-22(一),01,02,13,20,21,23,29,12
2015072,2015-06-24(三),04,10,12,13,23,26,27,30
2015073,2015-06-26(五),06,07,13,20,24,25,30,03
2015074,2015-06-29(一),01,08,09,16,18,21,28,26
2015075,2015-07-01(三),04,12,13,18,19,20,30,22
2015076,2015-07-03(五),03,10,14,19,20,23,28,25
2015077,2015-07-06(一),03,06,07,09,17,20,28,29
2015078,2015-07-08(三),01,09,14,16,17,19,28,13
2015079,2015-07-10(五),04,09,16,18,20,21,26,01
2015080,2015-07-13(一),01,11,14,16,26,27,30,09
2015081,2015-07-15(三),06,11,13,18,25,27,28,21
2015082,2015-07-17(五),03,05,07,14,17,23,30,13
2015083,2015-07-20(一),07,10,12,19,24,25,28,26
2015084,2015-07-22(三),02,08,15,17,22,27,30,28
2015085,2015-07-24(五),01,03,04,11,13,16,21,28
2015086,2015-07-27(一),04,05,06,08,16,19,25,28
2015087,2015-07-29(三),03,04,09,16,24,26,30,21
2015088,2015-07-31(五),01,08,14,15,18,19,22,26
2015089,2015-08-03(一),03,22,23,24,27,28,30,19
2015090,2015-08-05(三),06,13,17,18,23,24,27,12
2015091,2015-08-07(五),08,10,15,16,17,22,24,07
2015092,2015-08-10(一),03,05,06,15,16,17,30,08
2015093,2015-08-12(三),03,07,09,14,15,19,24,25
2015094,2015-08-14(五),01,04,06,16,19,23,26,22
2015095,2015-08-17(一),01,02,10,13,21,26,27,09
2015096,2015-08-19(三),01,07,11,12,17,19,25,13
2015097,2015-08-21(五),02,04,14,16,18,27,28,09
2015098,2015-08-24(一),03,05,11,20,22,23,24,28
2015099,2015-08-26(三),01,03,08,09,18,23,24,17
2015100,2015-08-28(五),03,06,07,12,19,22,29,18
2015101,2015-08-31(一),07,12,16,18,22,23,29,06
2015102,2015-09-02(三),02,05,08,10,18,26,27,04
2015103,2015-09-04(五),03,06,20,22,26,27,29,02
2015104,2015-09-07(一),04,05,12,16,20,23,24,01
2015105,2015-09-09(三),08,14,15,20,21,23,27,28
2015106,2015-09-11(五),01,02,14,17,20,23,29,28
2015107,2015-09-14(一),03,06,07,10,13,24,25,01
2015108,2015-09-16(三),06,07,08,12,22,24,29,25
2015109,2015-09-18(五),01,06,13,17,18,21,27,16
2015110,2015-09-21(一),02,04,05,06,08,11,12,07
2015111,2015-09-23(三),06,08,11,13,15,19,26,03
2015112,2015-09-25(五),04,05,10,22,23,28,29,02
2015113,2015-09-28(一),05,12,14,19,21,28,29,23
2015114,2015-09-30(三),03,04,08,16,20,28,29,21
2015115,2015-10-02(五),11,16,17,18,20,26,29,04
2015116,2015-10-05(一),04,05,08,15,17,20,24,03
2015117,2015-10-07(三),01,11,13,16,19,23,25,22
2015118,2015-10-09(五),02,03,07,15,24,27,29,01
2015119,2015-10-12(一),05,10,13,22,26,28,30,14
2015120,2015-10-14(三),02,04,06,14,17,23,30,24
2015121,2015-10-16(五),11,21,23,24,25,26,29,28
2015122,2015-10-19(一),01,08,09,13,14,24,29,07
2015123,2015-10-21(三),06,23,24,25,26,28,30,18
2015124,2015-10-23(五),04,05,06,13,20,23,27,12
2015125,2015-10-26(一),02,03,15,20,21,25,27,24
2015126,2015-10-28(三),06,08,11,18,21,27,29,26
2015127,2015-10-30(五),02,10,11,14,18,20,22,26
2015128,2015-11-02(一),03,13,14,20,25,28,29,08
2015129,2015-11-04(三),01,06,07,09,14,15,22,23
2015130,2015-11-06(五),04,05,09,12,13,18,24,29
2015131,2015-11-09(一),01,05,08,11,20,23,30,03
2015132,2015-11-11(三),01,02,06,07,18,19,30,08
2015133,2015-11-13(五),03,04,08,09,12,19,28,18
2015134,2015-11-16(一),11,15,19,20,25,27,29,08
2015135,2015-11-18(三),01,13,20,23,24,27,29,15
2015136,2015-11-20(五),05,06,11,14,22,23,25,04
2015137,2015-11-23(一),02,04,09,12,15,17,18,06
2015138,2015-11-25(三),01,07,15,22,25,26,27,23
2015139,2015-11-27(五),01,04,06,17,20,25,30,03
2015140,2015-11-30(一),05,06,07,15,21,26,28,29
2015141,2015-12-02(三),05,07,08,20,23,24,27,03
2015142,2015-12-04(五),01,07,08,09,18,19,25,15
2015143,2015-12-07(一),01,05,09,15,16,25,26,21
2015144,2015-12-09(三),01,04,06,08,15,18,23,13
2015145,2015-12-11(五),04,06,12,16,17,19,25,22
2015146,2015-12-14(一),04,11,18,22,23,25,28,10
2015147,2015-12-16(三),03,05,06,09,18,27,28,11
2015148,2015-12-18(五),09,10,11,13,18,23,28,20
2015149,2015-12-21(一),08,09,10,12,24,26,29,13
2015150,2015-12-23(三),02,06,17,21,24,29,30,28
2015151,2015-12-25(五),04,06,11,15,16,17,25,01
2015152,2015-12-28(一),04,10,15,20,23,26,29,27
2015153,2015-12-30(三),12,18,19,22,23,25,30,14
2016001,2016-01-01(五),16,18,20,21,22,23,24,29
2016002,2016-01-04(一),04,06,15,18,23,25,26,12
2016003,2016-01-06(三),01,08,12,13,21,26,28,27
2016004,2016-01-08(五),04,07,09,13,15,21,28,29
2016005,2016-01-11(一),02,03,04,20,21,23,26,22
2016006,2016-01-13(三),07,09,10,12,14,19,20,13
2016007,2016-01-15(五),01,08,18,22,26,28,29,12
2016008,2016-01-18(一),01,03,04,11,12,20,21,02
2016009,2016-01-20(三),05,06,17,19,20,22,24,09
2016010,2016-01-22(五),03,07,11,12,18,29,30,10
2016011,2016-01-25(一),05,07,10,13,21,25,27,09
2016012,2016-01-27(三),02,03,08,21,24,25,26,13
2016013,2016-01-29(五),03,05,06,10,17,24,30,08
2016014,2016-02-01(一),06,08,10,13,26,28,30,19
2016015,2016-02-03(三),05,08,09,18,21,23,27,29
2016016,2016-02-05(五),05,07,09,11,12,23,25,28
2016017,2016-02-15(一),03,08,14,15,19,22,27,29
2016018,2016-02-17(三),01,05,08,10,16,23,26,18
2016019,2016-02-19(五),04,08,10,11,19,24,25,09
2016020,2016-02-22(一),11,12,18,19,20,23,27,26
2016021,2016-02-24(三),01,02,03,07,08,10,14,18
2016022,2016-02-26(五),02,09,11,13,15,18,28,06
2016023,2016-02-29(一),01,06,13,14,25,26,28,10
2016024,2016-03-02(三),02,07,09,17,18,22,28,29
2016025,2016-03-04(五),03,04,06,19,21,27,30,28
2016026,2016-03-07(一),02,06,12,17,22,25,28,05
2016027,2016-03-09(三),02,03,06,07,08,09,28,04
2016028,2016-03-11(五),01,02,09,15,16,24,26,21
2016029,2016-03-14(一),01,03,05,07,15,17,25,09
2016030,2016-03-16(三),07,16,19,21,23,29,30,10
2016031,2016-03-18(五),04,14,19,23,24,28,29,18
2016032,2016-03-21(一),02,12,15,16,20,23,24,18
2016033,2016-03-23(三),02,06,10,11,13,17,24,29
2016034,2016-03-25(五),02,07,13,14,20,23,29,10
2016035,2016-03-28(一),04,11,14,16,17,19,21,29
2016036,2016-03-30(三),16,18,21,24,27,28,30,10
2016037,2016-04-01(五),04,10,19,24,27,28,29,09
2016038,2016-04-04(一),02,10,11,18,22,25,29,04
2016039,2016-04-06(三),03,06,10,13,16,17,30,11
2016040,2016-04-08(五),01,12,13,18,24,26,30,14
2016041,2016-04-11(一),03,14,16,19,23,26,27,11
2016042,2016-04-13(三),02,06,07,08,09,10,28,12
2016043,2016-04-15(五),02,06,11,23,26,28,29,21
2016044,2016-04-18(一),03,09,15,16,17,18,21,05
2016045,2016-04-20(三),07,09,20,21,22,25,28,23
2016046,2016-04-22(五),08,10,11,13,14,21,23,12
2016047,2016-04-25(一),01,03,09,10,14,19,20,06
2016048,2016-04-27(三),04,09,11,12,13,14,18,19
2016049,2016-04-29(五),04,06,07,11,21,25,27,10
2016050,2016-05-02(一),03,10,13,15,24,25,27,12
2016051,2016-05-04(三),04,07,14,19,25,26,30,08
2016052,2016-05-06(五),03,04,05,08,14,16,29,12
2016053,2016-05-09(一),01,21,24,26,27,28,30,08
2016054,2016-05-11(三),04,06,10,15,21,22,29,11
2016055,2016-05-13(五),03,09,12,14,16,19,24,01
2016056,2016-05-16(一),07,09,12,19,23,25,26,17
2016057,2016-05-18(三),12,13,17,20,22,29,30,28
2016058,2016-05-20(五),05,12,13,14,18,20,29,08
2016059,2016-05-23(一),01,02,07,10,14,24,25,08
2016060,2016-05-25(三),04,06,08,17,22,24,26,14
2016061,2016-05-27(五),05,11,16,19,24,26,28,23
2016062,2016-05-30(一),04,05,07,13,18,20,26,28
2016063,2016-06-01(三),02,07,08,09,14,17,28,03
2016064,2016-06-03(五),03,08,09,10,12,19,23,15
2016065,2016-06-06(一),02,15,18,22,23,24,30,06
2016066,2016-06-08(三),02,05,09,12,15,18,27,30
2016067,2016-06-10(五),05,10,12,20,24,26,28,06
2016068,2016-06-13(一),03,05,10,12,16,19,30,20
2016069,2016-06-15(三),01,06,07,13,15,22,26,19
2016070,2016-06-17(五),06,11,12,19,24,27,28,17
2016071,2016-06-20(一),07,10,13,17,24,26,30,08
2016072,2016-06-22(三),04,05,06,08,10,11,28,30
2016073,2016-06-24(五),06,09,18,20,23,27,29,16
2016074,2016-06-27(一),01,03,04,10,19,21,27,15
2016075,2016-06-29(三),01,05,13,20,21,22,23,19
2016076,2016-07-01(五),06,08,10,13,20,29,30,07
2016077,2016-07-04(一),02,05,10,13,14,17,30,21
2016078,2016-07-06(三),06,11,16,21,24,25,30,23
2016079,2016-07-08(五),02,05,08,15,17,18,26,29
2016080,2016-07-11(一),06,07,12,14,15,16,23,01
2016081,2016-07-13(三),04,11,14,18,21,22,29,20
2016082,2016-07-15(五),04,05,06,08,16,17,30,10
2016083,2016-07-18(一),04,11,13,15,18,21,25,22
2016084,2016-07-20(三),11,14,20,21,23,27,30,17
2016085,2016-07-22(五),05,07,09,15,19,29,30,27
2016086,2016-07-25(一),02,06,07,08,10,25,29,27
2016087,2016-07-27(三),01,11,18,19,22,24,28,26
2016088,2016-07-29(五),02,08,10,13,21,24,29,16
2016089,2016-08-01(一),02,06,10,17,18,24,25,09
2016090,2016-08-03(三),03,04,06,08,13,17,18,16
2016091,2016-08-05(五),01,10,12,13,14,29,30,02
2016092,2016-08-08(一),01,03,07,11,13,18,24,08
2016093,2016-08-10(三),01,06,07,17,19,24,26,05
2016094,2016-08-12(五),09,11,13,14,18,20,28,01
2016095,2016-08-15(一),12,13,14,17,18,28,30,08
2016096,2016-08-17(三),02,07,14,18,20,21,24,23
2016097,2016-08-19(五),04,11,21,22,24,25,30,07
2016098,2016-08-22(一),05,07,08,09,12,15,16,10
2016099,2016-08-24(三),02,05,08,11,13,27,29,15
2016100,2016-08-26(五),06,09,13,14,15,19,23,18
2016101,2016-08-29(一),01,03,09,10,16,18,23,07
2016102,2016-08-31(三),01,03,10,19,21,23,28,09
2016103,2016-09-02(五),02,04,10,15,20,25,30,01
2016104,2016-09-05(一),02,07,09,18,22,26,27,19
2016105,2016-09-07(三),12,13,24,25,26,28,29,07
2016106,2016-09-09(五),04,06,17,25,26,27,29,15
2016107,2016-09-12(一),06,10,16,17,18,24,30,22
2016108,2016-09-14(三),04,05,09,14,15,17,21,12
2016109,2016-09-16(五),02,03,13,18,21,22,27,06
2016110,2016-09-19(一),01,05,09,20,23,26,30,07
2016111,2016-09-21(三),10,12,16,23,25,26,28,09
2016112,2016-09-23(五),06,07,16,22,23,26,27,01
2016113,2016-09-26(一),03,12,13,19,21,23,26,06
2016114,2016-09-28(三),01,04,17,18,25,27,30,13
2016115,2016-09-30(五),03,05,11,12,22,23,29,27
2016116,2016-10-03(一),01,10,16,20,23,25,28,30
2016117,2016-10-05(三),02,06,08,13,15,24,25,09
2016118,2016-10-07(五),05,07,10,11,18,24,27,23
2016119,2016-10-10(一),04,05,06,18,22,23,29,02
2016120,2016-10-12(三),03,04,08,13,17,19,21,29
2016121,2016-10-14(五),04,05,09,19,22,23,30,28
2016122,2016-10-17(一),01,09,14,16,17,19,21,13
2016123,2016-10-19(三),03,06,23,24,26,27,30,17
2016124,2016-10-21(五),03,04,11,13,16,19,27,18
2016125,2016-10-24(一),01,05,11,20,25,28,29,21
2016126,2016-10-26(三),01,06,11,18,28,29,30,20
2016127,2016-10-28(五),04,09,12,23,25,29,30,20
2016128,2016-10-31(一),01,04,07,08,12,13,25,20
2016129,2016-11-02(三),01,04,10,13,15,25,30,12
2016130,2016-11-04(五),02,07,11,12,13,14,17,16
2016131,2016-11-07(一),02,11,14,19,24,25,27,29
2016132,2016-11-09(三),02,04,08,10,20,27,30,14
2016133,2016-11-11(五),07,09,11,16,17,22,28,23
2016134,2016-11-14(一),14,15,16,17,20,22,28,26
2016135,2016-11-16(三),05,09,13,17,20,27,28,23
2016136,2016-11-18(五),02,04,11,22,23,26,29,25
2016137,2016-11-21(一),03,05,13,17,19,27,28,11
2016138,2016-11-23(三),01,04,05,11,20,25,26,13
2016139,2016-11-25(五),02,03,08,15,19,22,23,30
2016140,2016-11-28(一),12,14,18,21,26,28,30,22
2016141,2016-11-30(三),01,03,05,07,17,19,24,09
2016142,2016-12-02(五),02,10,12,18,23,28,30,05
2016143,2016-12-05(一),01,02,09,11,19,21,25,22
2016144,2016-12-07(三),03,12,15,17,20,24,28,25
2016145,2016-12-09(五),05,06,08,10,15,18,30,14
2016146,2016-12-12(一),12,15,18,22,24,25,30,17
2016147,2016-12-14(三),01,03,05,15,21,23,24,16
2016148,2016-12-16(五),08,13,19,22,27,28,29,30
2016149,2016-12-19(一),02,04,05,06,08,11,29,19
2016150,2016-12-21(三),14,15,17,20,21,22,26,30
2016151,2016-12-23(五),06,07,14,20,22,28,29,17
2016152,2016-12-26(一),03,07,12,18,19,28,30,05
2016153,2016-12-28(三),04,09,11,13,20,23,30,28
2016154,2016-12-30(五),03,06,10,12,14,21,27,09
2017001,2017-01-02(一),01,07,10,11,12,17,25,23
2017002,2017-01-04(三),03,07,16,19,20,22,23,27
2017003,2017-01-06(五),04,05,08,16,23,27,30,28
2017004,2017-01-09(一),02,17,20,21,23,24,25,07
2017005,2017-01-11(三),12,16,17,18,21,25,28,27
2017006,2017-01-13(五),06,10,13,15,16,25,30,08
2017007,2017-01-16(一),08,12,18,19,26,27,30,14
2017008,2017-01-18(三),02,04,08,22,24,26,27,23
2017009,2017-01-20(五),02,11,12,13,15,16,22,30
2017010,2017-01-23(一),02,04,05,13,27,29,30,01
2017011,2017-01-25(三),21,22,23,26,27,29,30,06
2017012,2017-02-03(五),07,08,10,12,14,19,25,03
2017013,2017-02-06(一),02,06,19,26,27,29,30,10
2017014,2017-02-08(三),04,05,15,16,22,26,27,19
2017015,2017-02-10(五),08,09,21,22,23,26,28,01
2017016,2017-02-13(一),03,06,08,09,12,18,20,28
2017017,2017-02-15(三),02,11,14,17,18,24,27,07
2017018,2017-02-17(五),01,03,06,09,11,12,14,02
2017019,2017-02-20(一),03,08,14,16,20,22,27,25
2017020,2017-02-22(三),03,12,15,18,20,28,29,09
2017021,2017-02-24(五),03,07,10,20,22,26,27,25
2017022,2017-02-27(一),02,03,06,08,16,26,28,30
2017023,2017-03-01(三),05,13,14,15,16,19,29,21
2017024,2017-03-03(五),03,05,13,14,19,21,25,07
2017025,2017-03-06(一),04,05,06,08,16,18,22,07
2017026,2017-03-08(三),01,04,05,10,12,18,22,27
2017027,2017-03-10(五),07,08,09,10,21,23,24,28
2017028,2017-03-13(一),01,08,12,17,23,27,28,06
2017029,2017-03-15(三),02,07,18,20,24,27,28,12
2017030,2017-03-17(五),02,11,14,20,23,26,27,15
2017031,2017-03-20(一),03,05,16,18,21,22,27,10
2017032,2017-03-22(三),07,14,19,25,27,29,30,15
2017033,2017-03-24(五),05,06,15,16,19,22,30,29
2017034,2017-03-27(一),07,12,14,24,27,28,30,03
2017035,2017-03-29(三),03,06,09,18,23,29,30,08
2017036,2017-03-31(五),05,06,07,10,19,26,29,21
2017037,2017-04-03(一),05,07,08,09,19,22,24,01
2017038,2017-04-05(三),01,09,13,14,16,21,23,19
2017039,2017-04-07(五),07,09,11,12,13,23,26,27
2017040,2017-04-10(一),02,10,16,22,24,25,28,20
2017041,2017-04-12(三),03,05,07,13,17,24,29,09
2017042,2017-04-14(五),01,07,08,11,17,19,28,12
2017043,2017-04-17(一),03,05,14,20,22,27,28,08
2017044,2017-04-19(三),01,03,05,06,11,12,13,04
2017045,2017-04-21(五),02,08,11,12,19,23,29,05
2017046,2017-04-24(一),02,05,09,11,12,17,29,19
2017047,2017-04-26(三),03,04,07,10,12,18,21,11
2017048,2017-04-28(五),02,04,08,11,18,22,25,07
2017049,2017-05-01(一),08,13,22,23,25,26,29,04
2017050,2017-05-03(三),01,02,03,11,23,27,30,17
2017051,2017-05-05(五),12,13,14,17,22,23,28,21
2017052,2017-05-08(一),05,06,10,14,20,26,29,18
2017053,2017-05-10(三),04,11,20,21,22,23,24,06
2017054,2017-05-12(五),01,03,06,10,15,18,25,26
2017055,2017-05-15(一),01,04,08,11,12,18,29,09
2017056,2017-05-17(三),02,04,15,17,25,27,28,16
2017057,2017-05-19(五),01,19,22,24,25,26,30,20
2017058,2017-05-22(一),05,09,12,21,23,24,28,06
2017059,2017-05-24(三),08,09,14,17,19,25,26,01
2017060,2017-05-26(五),03,06,07,09,17,22,29,13
2017061,2017-05-29(一),11,12,15,17,23,28,30,08
2017062,2017-05-31(三),07,12,19,22,23,28,29,14
2017063,2017-06-02(五),02,13,15,16,20,22,23,12
2017064,2017-06-05(一),02,06,12,16,26,28,30,17
2017065,2017-06-07(三),01,10,13,14,18,21,23,06
2017066,2017-06-09(五),12,14,20,21,27,29,30,09
2017067,2017-06-12(一),01,11,12,21,27,28,30,26
2017068,2017-06-14(三),15,21,24,25,26,27,29,01
2017069,2017-06-16(五),04,08,12,16,25,28,30,07
2017070,2017-06-19(一),07,08,18,19,24,27,28,10
2017071,2017-06-21(三),06,08,10,19,23,26,29,18
2017072,2017-06-23(五),06,10,15,17,18,21,25,08
2017073,2017-06-26(一),01,04,05,14,17,25,27,03
2017074,2017-06-28(三),03,05,07,13,16,18,21,15
2017075,2017-06-30(五),02,11,19,20,25,26,27,03
2017076,2017-07-03(一),07,11,19,20,26,27,29,08
2017077,2017-07-05(三),05,10,17,20,25,26,27,15
2017078,2017-07-07(五),01,09,11,12,19,24,29,13
2017079,2017-07-10(一),01,08,09,12,19,23,29,25
2017080,2017-07-12(三),02,04,09,14,16,21,27,18
2017081,2017-07-14(五),04,13,14,21,23,25,28,11
2017082,2017-07-17(一),01,10,11,19,20,22,23,26
2017083,2017-07-19(三),01,05,08,12,20,24,27,21
2017084,2017-07-21(五),07,09,12,19,20,25,27,15
2017085,2017-07-24(一),02,08,11,12,21,24,25,20
2017086,2017-07-26(三),01,03,04,06,19,20,25,13
2017087,2017-07-28(五),02,05,12,15,17,23,29,19
2017088,2017-07-31(一),04,05,08,16,18,19,27,11
2017089,2017-08-02(三),01,05,10,20,21,27,28,22
2017090,2017-08-04(五),02,07,19,22,23,25,28,16
2017091,2017-08-07(一),13,18,25,26,28,29,30,04
2017092,2017-08-09(三),04,05,09,11,20,21,29,24
2017093,2017-08-11(五),04,07,09,12,24,26,30,03
2017094,2017-08-14(一),02,04,15,18,19,24,27,09
2017095,2017-08-16(三),01,04,08,09,13,23,27,24
2017096,2017-08-18(五),07,08,10,13,18,20,26,16
2017097,2017-08-21(一),01,02,06,08,13,18,19,30
2017098,2017-08-23(三),02,05,07,15,17,26,27,04
2017099,2017-08-25(五),05,13,19,21,23,26,30,24
2017100,2017-08-28(一),05,08,12,21,23,27,30,22
2017101,2017-08-30(三),03,13,14,19,21,22,29,01
2017102,2017-09-01(五),12,17,18,23,24,25,29,03
2017103,2017-09-04(一),04,09,14,17,22,25,29,11
2017104,2017-09-06(三),01,03,17,26,27,28,29,11
2017105,2017-09-08(五),06,09,11,17,19,21,28,10
2017106,2017-09-11(一),01,03,11,17,23,25,28,04
2017107,2017-09-13(三),05,08,12,13,19,21,29,04
2017108,2017-09-15(五),04,05,07,09,11,14,20,17
2017109,2017-09-18(一),01,03,06,10,15,21,23,16
2017110,2017-09-20(三),03,06,08,12,19,21,25,09
2017111,2017-09-22(五),02,03,13,19,20,22,23,09
2017112,2017-09-25(一),01,02,07,09,13,15,30,11
2017113,2017-09-27(三),01,02,08,09,10,23,25,18
2017114,2017-09-29(五),02,04,14,19,20,27,29,10
2017115,2017-10-02(一),01,05,06,14,19,26,30,23
2017116,2017-10-04(三),02,04,05,11,18,21,29,22
2017117,2017-10-06(五),01,03,11,15,22,26,29,16
2017118,2017-10-09(一),02,03,07,11,17,26,28,25
2017119,2017-10-11(三),07,09,12,19,26,27,29,25
2017120,2017-10-13(五),02,03,18,19,22,23,30,08
2017121,2017-10-16(一),02,07,09,11,19,21,23,03
2017122,2017-10-18(三),01,04,08,09,11,12,21,02
2017123,2017-10-20(五),05,11,14,21,22,25,30,29
2017124,2017-10-23(一),07,13,16,18,21,29,30,09
2017125,2017-10-25(三),02,03,04,05,12,18,30,23
2017126,2017-10-27(五),02,06,12,13,15,24,29,10
2017127,2017-10-30(一),03,06,07,08,11,18,27,12
2017128,2017-11-01(三),06,12,13,18,23,26,29,08
2017129,2017-11-03(五),01,05,08,15,22,23,30,24
2017130,2017-11-06(一),03,09,19,22,23,27,30,12
2017131,2017-11-08(三),05,06,07,09,12,17,19,14
2017132,2017-11-10(五),02,08,16,17,20,23,25,11
2017133,2017-11-13(一),01,07,11,12,26,27,29,09
2017134,2017-11-15(三),01,02,04,07,10,16,27,06
2017135,2017-11-17(五),06,08,19,20,21,25,27,23
2017136,2017-11-20(一),07,09,11,18,19,21,27,25
2017137,2017-11-22(三),01,13,15,16,24,25,29,19
2017138,2017-11-24(五),02,03,04,06,08,09,18,12
2017139,2017-11-27(一),01,03,05,06,12,13,30,27
2017140,2017-11-29(三),01,13,20,23,25,26,28,18
2017141,2017-12-01(五),02,04,10,12,17,23,28,24
2017142,2017-12-04(一),03,11,12,14,18,24,28,13
2017143,2017-12-06(三),03,07,09,16,19,27,28,14
2017144,2017-12-08(五),01,03,04,11,17,22,30,27
2017145,2017-12-11(一),02,06,10,12,17,24,28,22
2017146,2017-12-13(三),02,06,13,21,27,28,29,12
2017147,2017-12-15(五),04,06,07,08,14,27,29,01
2017148,2017-12-18(一),02,03,07,24,27,28,30,15
2017149,2017-12-20(三),08,11,15,21,23,25,30,03
2017150,2017-12-22(五),02,13,17,22,24,29,30,19
2017151,2017-12-25(一),02,06,07,15,19,26,30,18
2017152,2017-12-27(三),03,07,10,19,26,27,28,21
2017153,2017-12-29(五),06,10,11,14,19,25,26,05
2018001,2018-01-01(一),07,09,16,18,21,22,24,12
2018002,2018-01-03(三),03,07,10,11,16,20,22,06
2018003,2018-01-05(五),03,06,07,14,16,17,26,05
2018004,2018-01-08(一),03,15,19,20,22,24,27,26
2018005,2018-01-10(三),01,09,11,16,24,29,30,15
2018006,2018-01-12(五),07,09,16,18,21,23,27,29
2018007,2018-01-15(一),04,05,09,12,21,25,30,20
2018008,2018-01-17(三),03,09,18,24,26,28,29,21
2018009,2018-01-19(五),06,10,17,18,21,26,30,19
2018010,2018-01-22(一),02,03,08,13,14,28,30,10
2018011,2018-01-24(三),01,05,06,10,11,13,29,24
2018012,2018-01-26(五),04,05,06,10,11,23,24,27
2018013,2018-01-29(一),03,04,05,09,13,18,19,15
2018014,2018-01-31(三),04,06,13,21,24,26,27,09
2018015,2018-02-02(五),02,08,13,15,18,20,21,27
2018016,2018-02-05(一),01,04,05,14,16,24,25,28
2018017,2018-02-07(三),03,06,07,09,15,19,24,22
2018018,2018-02-09(五),02,07,12,16,20,21,26,10
2018019,2018-02-12(一),05,11,13,18,26,27,28,06
2018020,2018-02-14(三),06,07,16,17,18,20,24,15
2018021,2018-02-23(五),09,12,14,20,21,24,28,17
2018022,2018-02-26(一),07,09,14,19,26,29,30,28
2018023,2018-02-28(三),01,02,07,14,16,24,29,17
2018024,2018-03-02(五),01,12,13,16,18,24,28,05
2018025,2018-03-05(一),08,09,15,18,19,21,30,01
2018026,2018-03-07(三),06,08,10,11,12,14,28,07
2018027,2018-03-09(五),06,08,09,24,27,28,29,05
2018028,2018-03-12(一),07,14,21,23,25,27,30,19
2018029,2018-03-14(三),03,04,09,15,17,22,23,12
2018030,2018-03-16(五),06,10,15,21,22,26,30,11
2018031,2018-03-19(一),01,04,05,07,11,22,27,13
2018032,2018-03-21(三),13,15,16,18,21,26,29,28
2018033,2018-03-23(五),01,02,13,14,17,24,26,03
2018034,2018-03-26(一),02,08,11,17,18,20,30,09
2018035,2018-03-28(三),04,05,09,10,17,27,30,06
2018036,2018-03-30(五),04,06,07,09,14,15,28,30
2018037,2018-04-02(一),08,10,19,21,23,24,29,15
2018038,2018-04-04(三),02,07,10,13,20,21,27,16
2018039,2018-04-06(五),01,02,08,11,14,19,22,10
2018040,2018-04-09(一),01,02,03,08,12,20,23,19
2018041,2018-04-11(三),05,13,15,17,18,22,29,09
2018042,2018-04-13(五),03,06,08,15,20,24,27,12
2018043,2018-04-16(一),07,18,19,21,22,24,28,02
2018044,2018-04-18(三),02,05,07,14,15,16,23,20
2018045,2018-04-20(五),03,06,08,11,15,21,28,22
2018046,2018-04-23(一),04,07,08,16,24,27,28,23
2018047,2018-04-25(三),04,06,11,19,20,25,30,09
2018048,2018-04-27(五),03,06,07,08,12,26,27,19
2018049,2018-04-30(一),01,08,17,18,20,27,30,29
2018050,2018-05-02(三),03,07,08,09,13,17,29,24
2018051,2018-05-04(五),02,10,11,12,14,17,23,22
2018052,2018-05-07(一),06,14,16,19,22,23,30,07
2018053,2018-05-09(三),02,03,08,09,18,25,26,10
2018054,2018-05-11(五),04,07,08,21,25,26,27,16
2018055,2018-05-14(一),01,12,18,20,23,27,29,19
2018056,2018-05-16(三),01,05,14,21,22,23,29,15
2018057,2018-05-18(五),04,08,10,23,27,28,29,17
2018058,2018-05-21(一),02,05,09,10,18,21,28,25
2018059,2018-05-23(三),07,08,13,16,19,25,30,18
2018060,2018-05-25(五),02,08,18,21,22,23,30,29
2018061,2018-05-28(一),02,12,14,17,21,22,26,30
2018062,2018-05-30(三),01,03,10,15,22,24,30,23
2018063,2018-06-01(五),02,10,16,19,23,28,30,11
2018064,2018-06-04(一),03,04,17,19,26,27,29,14
2018065,2018-06-06(三),02,03,06,07,16,19,27,15
2018066,2018-06-08(五),02,12,20,21,26,29,30,18
2018067,2018-06-11(一),01,06,07,08,13,18,25,27
2018068,2018-06-13(三),02,06,09,15,20,26,28,17
2018069,2018-06-15(五),04,11,14,20,23,26,30,05
2018070,2018-06-18(一),02,04,05,06,12,16,23,01
2018071,2018-06-20(三),04,07,14,16,20,25,28,13
2018072,2018-06-22(五),01,11,13,20,21,27,29,05
2018073,2018-06-25(一),05,07,09,13,17,18,25,23
2018074,2018-06-27(三),04,05,06,11,15,19,21,08
2018075,2018-06-29(五),02,04,07,14,18,20,29,01
2018076,2018-07-02(一),08,13,16,22,25,28,30,06
2018077,2018-07-04(三),04,06,08,21,23,28,30,14
2018078,2018-07-06(五),04,14,15,16,24,29,30,06
2018079,2018-07-09(一),03,09,10,15,24,26,27,01
2018080,2018-07-11(三),03,06,07,15,22,26,30,08
2018081,2018-07-13(五),16,17,19,25,26,27,29,07
2018082,2018-07-16(一),04,10,12,14,27,28,30,02
2018083,2018-07-18(三),01,08,09,10,20,26,28,16
2018084,2018-07-20(五),04,06,08,10,14,17,25,03
2018085,2018-07-23(一),03,08,20,22,24,27,28,09
2018086,2018-07-25(三),04,05,06,11,17,24,26,08
2018087,2018-07-27(五),01,09,12,18,19,23,24,06
2018088,2018-07-30(一),01,04,09,17,18,23,26,12
2018089,2018-08-01(三),08,09,13,18,23,24,28,21
2018090,2018-08-03(五),02,03,12,14,15,22,23,17
2018091,2018-08-06(一),10,13,14,21,26,27,29,01
2018092,2018-08-08(三),05,07,09,15,20,22,23,06
2018093,2018-08-10(五),04,05,09,21,24,28,29,13
2018094,2018-08-13(一),01,04,05,10,23,24,30,19
2018095,2018-08-15(三),05,06,07,08,11,20,23,14
2018096,2018-08-17(五),10,17,19,20,23,25,29,21
2018097,2018-08-20(一),02,03,11,12,15,25,29,26
2018098,2018-08-22(三),04,05,10,11,14,16,29,12
2018099,2018-08-24(五),03,09,11,13,17,18,24,25
2018100,2018-08-27(一),01,04,07,10,16,19,29,27
2018101,2018-08-29(三),03,12,14,17,18,19,26,10
2018102,2018-08-31(五),07,10,13,14,15,17,21,30
2018103,2018-09-03(一),02,08,12,16,21,25,26,19
2018104,2018-09-05(三),02,04,11,13,20,21,27,26
2018105,2018-09-07(五),05,09,11,12,13,28,30,03
2018106,2018-09-10(一),02,06,12,16,18,21,28,09
2018107,2018-09-12(三),02,04,05,08,17,19,27,21
2018108,2018-09-14(五),05,07,15,17,20,24,27,26
2018109,2018-09-17(一),07,09,16,17,21,22,27,20
2018110,2018-09-19(三),08,10,12,13,17,20,25,07
2018111,2018-09-21(五),02,03,09,17,18,21,23,11
2018112,2018-09-24(一),05,07,13,18,27,28,29,17
2018113,2018-09-26(三),09,10,19,21,24,28,29,14
2018114,2018-09-28(五),02,10,13,15,18,21,30,22
2018115,2018-10-01(一),04,07,13,17,18,20,23,15
2018116,2018-10-03(三),05,14,20,21,24,26,30,12
2018117,2018-10-05(五),01,03,10,13,14,16,28,30
2018118,2018-10-08(一),05,06,13,19,26,27,29,23
2018119,2018-10-10(三),04,11,13,14,18,20,26,29
2018120,2018-10-12(五),02,04,06,14,17,22,26,23
2018121,2018-10-15(一),01,09,12,16,17,21,22,15
2018122,2018-10-17(三),03,11,19,23,26,27,29,12
2018123,2018-10-19(五),11,15,19,21,22,25,30,06
2018124,2018-10-22(一),02,06,10,19,20,26,28,05
2018125,2018-10-24(三),03,04,05,06,18,19,26,28
2018126,2018-10-26(五),02,13,14,18,25,27,29,24
2018127,2018-10-29(一),07,11,18,21,27,28,29,03
2018128,2018-10-31(三),01,02,09,10,11,16,21,20
2018129,2018-11-02(五),03,06,08,16,19,20,28,24
2018130,2018-11-05(一),03,14,15,17,20,24,28,26
2018131,2018-11-07(三),09,12,13,16,25,26,30,02
2018132,2018-11-09(五),01,07,09,23,25,29,30,22
2018133,2018-11-12(一),03,05,10,12,23,27,30,26
2018134,2018-11-14(三),04,11,13,15,17,18,19,27
2018135,2018-11-16(五),07,14,15,21,26,29,30,12
2018136,2018-11-19(一),04,07,11,13,22,24,30,20
2018137,2018-11-21(三),10,12,13,14,17,22,30,08
2018138,2018-11-23(五),03,04,05,14,16,17,22,28
2018139,2018-11-26(一),06,13,15,18,22,26,29,16
2018140,2018-11-28(三),02,11,14,23,25,26,30,16
2018141,2018-11-30(五),08,11,13,15,16,28,29,18
2018142,2018-12-03(一),05,13,14,18,24,25,30,22
2018143,2018-12-05(三),05,07,08,12,14,26,28,09
2018144,2018-12-07(五),02,03,09,10,15,20,22,06
2018145,2018-12-10(一),12,13,15,16,25,29,30,11
2018146,2018-12-12(三),02,06,08,10,22,24,27,25
2018147,2018-12-14(五),04,08,09,11,23,26,30,12
2018148,2018-12-17(一),01,05,11,13,19,20,21,16
2018149,2018-12-19(三),09,13,14,16,17,23,30,24
2018150,2018-12-21(五),05,07,11,21,22,23,27,08
2018151,2018-12-24(一),02,03,07,16,21,22,28,30
2018152,2018-12-26(三),01,03,04,14,16,26,28,19
2018153,2018-12-28(五),08,10,19,20,22,27,30,05
2018154,2018-12-31(一),05,07,11,14,18,19,25,13
2019001,2019-01-02(三),03,05,12,13,14,16,23,17
2019002,2019-01-04(五),01,08,13,15,18,20,26,09
2019003,2019-01-07(一),02,05,10,12,16,23,25,24
2019004,2019-01-09(三),05,09,14,21,24,26,29,28
2019005,2019-01-11(五),03,07,12,13,17,20,30,22
2019006,2019-01-14(一),10,14,19,22,24,29,30,07
2019007,2019-01-16(三),01,06,10,12,13,22,27,26
2019008,2019-01-18(五),01,04,06,18,21,26,29,15
2019009,2019-01-21(一),01,03,10,11,16,18,26,22
2019010,2019-01-23(三),03,07,18,19,25,26,30,22
2019011,2019-01-25(五),03,05,08,12,16,17,27,24
2019012,2019-01-28(一),03,04,15,21,24,25,29,09
2019013,2019-01-30(三),04,05,08,10,14,24,29,22
2019014,2019-02-01(五),06,09,12,19,20,24,25,17
2019015,2019-02-11(一),01,04,08,14,21,27,29,25
2019016,2019-02-13(三),02,05,13,16,18,24,25,03
2019017,2019-02-15(五),01,04,09,12,15,21,22,16
2019018,2019-02-18(一),01,02,03,08,09,12,19,04
2019019,2019-02-20(三),04,11,19,20,23,27,29,21
2019020,2019-02-22(五),02,05,14,15,19,25,28,20
2019021,2019-02-25(一),03,09,15,19,20,26,27,17
2019022,2019-02-27(三),03,11,13,18,19,21,24,22
2019023,2019-03-01(五),02,07,08,17,18,19,26,15
2019024,2019-03-04(一),06,07,11,16,20,23,24,13
2019025,2019-03-06(三),02,09,10,21,23,28,30,18
2019026,2019-03-08(五),07,12,15,17,19,25,28,18
2019027,2019-03-11(一),02,09,13,20,24,26,30,07
2019028,2019-03-13(三),01,05,09,10,18,23,26,30
2019029,2019-03-15(五),05,11,12,13,24,29,30,10
2019030,2019-03-18(一),07,09,15,18,19,25,26,21
2019031,2019-03-20(三),07,09,10,12,17,26,28,16
2019032,2019-03-22(五),03,05,07,18,24,26,29,22
2019033,2019-03-25(一),02,03,05,14,16,21,25,22
2019034,2019-03-27(三),01,06,10,12,23,26,29,13
2019035,2019-03-29(五),01,05,13,14,23,25,26,21
2019036,2019-04-01(一),06,13,14,15,16,20,26,08
2019037,2019-04-03(三),02,10,13,14,16,18,25,27
2019038,2019-04-05(五),02,08,12,18,21,22,28,20
2019039,2019-04-08(一),06,07,09,12,23,29,30,14
2019040,2019-04-10(三),02,07,10,15,19,24,30,03
2019041,2019-04-12(五),02,03,07,11,13,24,26,20
2019042,2019-04-15(一),05,08,09,16,17,22,24,14
2019043,2019-04-17(三),02,13,15,20,21,22,25,28
2019044,2019-04-19(五),03,10,12,18,20,26,29,06
2019045,2019-04-22(一),02,03,04,05,08,20,21,23
2019046,2019-04-24(三),03,04,05,09,19,21,29,14
2019047,2019-04-26(五),01,05,10,13,14,17,22,30
2019048,2019-04-29(一),05,07,10,19,25,27,30,12
2019049,2019-05-01(三),03,07,10,23,25,26,28,04
2019050,2019-05-03(五),05,10,18,20,26,27,30,16
2019051,2019-05-06(一),01,04,12,17,19,21,25,29
2019052,2019-05-08(三),01,06,09,10,14,18,27,15
2019053,2019-05-10(五),01,05,10,12,16,21,23,26
2019054,2019-05-13(一),06,10,11,15,16,22,29,21
2019055,2019-05-15(三),02,04,16,17,18,22,28,07
2019056,2019-05-17(五),02,08,09,10,21,29,30,28
2019057,2019-05-20(一),01,07,10,12,13,17,27,29
2019058,2019-05-22(三),08,10,20,23,24,25,27,12
2019059,2019-05-24(五),03,07,16,19,21,24,30,14
2019060,2019-05-27(一),02,03,04,06,07,10,19,25
2019061,2019-05-29(三),01,03,13,14,18,21,29,24
2019062,2019-05-31(五),01,02,07,11,18,20,27,23
2019063,2019-06-03(一),07,12,17,18,19,24,29,05
2019064,2019-06-05(三),04,05,12,13,22,28,29,19
2019065,2019-06-07(五),05,17,19,25,26,28,30,08
2019066,2019-06-10(一),05,09,14,22,25,27,28,16
2019067,2019-06-12(三),03,05,08,09,27,29,30,28
2019068,2019-06-14(五),01,02,07,08,10,12,22,23
2019069,2019-06-17(一),01,03,08,09,15,21,24,23
2019070,2019-06-19(三),05,06,07,09,13,19,21,29
2019071,2019-06-21(五),02,10,12,21,22,23,30,20
2019072,2019-06-24(一),07,10,15,16,21,24,28,25
2019073,2019-06-26(三),02,04,05,13,17,25,28,09
2019074,2019-06-28(五),04,07,10,13,16,18,29,27
2019075,2019-07-01(一),01,07,16,18,20,23,25,28
2019076,2019-07-03(三),02,10,14,22,26,27,29,21
2019077,2019-07-05(五),03,06,09,16,18,22,30,10
2019078,2019-07-08(一),02,05,11,13,24,26,27,10
2019079,2019-07-10(三),04,14,15,16,17,19,22,13
2019080,2019-07-12(五),05,14,18,19,24,25,26,20
2019081,2019-07-15(一),01,07,08,17,24,25,27,18
2019082,2019-07-17(三),08,11,13,18,24,26,28,12
2019083,2019-07-19(五),01,09,15,24,27,28,29,14
2019084,2019-07-22(一),10,11,16,17,22,26,27,28
2019085,2019-07-24(三),03,04,05,15,20,24,28,18
2019086,2019-07-26(五),02,08,14,21,23,26,28,07
2019087,2019-07-29(一),05,07,08,10,16,18,25,28
2019088,2019-07-31(三),01,06,10,12,15,16,21,20
2019089,2019-08-02(五),05,11,13,16,26,28,30,10
2019090,2019-08-05(一),01,04,06,10,15,16,21,30
2019091,2019-08-07(三),04,10,21,22,24,26,28,08
2019092,2019-08-09(五),03,11,12,13,21,23,28,24
2019093,2019-08-12(一),05,07,13,14,18,20,21,26
2019094,2019-08-14(三),02,05,07,09,14,15,20,13
2019095,2019-08-16(五),07,08,10,11,17,24,26,19
2019096,2019-08-19(一),01,13,19,21,27,28,29,20
2019097,2019-08-21(三),04,09,15,16,17,22,25,03
2019098,2019-08-23(五),08,11,12,16,24,28,29,06
2019099,2019-08-26(一),01,05,09,19,20,26,29,27
2019100,2019-08-28(三),02,04,05,12,13,20,25,22
2019101,2019-08-30(五),04,06,09,12,13,16,24,27
2019102,2019-09-02(一),07,08,09,13,15,22,30,01
2019103,2019-09-04(三),04,06,07,12,24,25,30,08
2019104,2019-09-06(五),09,18,24,25,26,27,30,21
2019105,2019-09-09(一),11,12,16,19,20,23,25,14
2019106,2019-09-11(三),02,05,07,10,12,14,16,30
2019107,2019-09-13(五),03,06,12,16,18,21,22,24
2019108,2019-09-16(一),02,05,06,09,10,20,23,25
2019109,2019-09-18(三),03,13,18,21,22,28,30,04
2019110,2019-09-20(五),03,05,11,15,19,24,27,28
2019111,2019-09-23(一),07,08,11,16,17,26,29,22
2019112,2019-09-25(三),13,18,19,21,24,26,29,25
2019113,2019-09-27(五),02,07,10,15,22,25,26,21
2019114,2019-09-30(一),01,08,11,13,16,20,28,09
2019115,2019-10-09(三),03,06,19,25,27,28,29,05
2019116,2019-10-11(五),02,08,14,15,16,20,23,04
2019117,2019-10-14(一),03,06,19,20,22,26,27,25
2019118,2019-10-16(三),11,12,17,22,27,28,29,20
2019119,2019-10-18(五),08,11,17,21,22,24,28,09
2019120,2019-10-21(一),04,14,21,23,26,28,30,29
2019121,2019-10-23(三),02,11,16,20,23,27,29,01
2019122,2019-10-25(五),01,02,04,06,08,14,17,27
2019123,2019-10-28(一),01,08,10,15,21,22,28,09
2019124,2019-10-30(三),07,13,17,20,25,26,29,11
2019125,2019-11-01(五),02,06,07,09,17,24,27,12
2019126,2019-11-04(一),07,09,10,12,13,17,22,26
2019127,2019-11-06(三),02,04,14,16,19,26,28,11
2019128,2019-11-08(五),02,07,08,10,16,21,23,30
2019129,2019-11-11(一),06,07,11,14,17,18,21,26
2019130,2019-11-13(三),01,06,17,21,23,25,27,11
2019131,2019-11-15(五),08,11,14,17,22,24,27,15
2019132,2019-11-18(一),05,08,11,22,24,26,30,07
2019133,2019-11-20(三),01,02,10,12,14,26,30,11
2019134,2019-11-22(五),01,04,05,18,22,24,27,13
2019135,2019-11-25(一),03,08,14,21,22,24,29,05
2019136,2019-11-27(三),01,04,05,10,16,22,25,09
2019137,2019-11-29(五),05,10,11,15,23,28,29,24
2019138,2019-12-02(一),05,07,17,20,23,27,30,18
2019139,2019-12-04(三),03,05,10,14,18,28,30,23
2019140,2019-12-06(五),07,11,16,20,24,26,29,03
2019141,2019-12-09(一),11,14,15,20,21,23,27,07
2019142,2019-12-11(三),05,06,08,10,11,26,27,01
2019143,2019-12-13(五),07,09,13,16,25,28,29,18
2019144,2019-12-16(一),03,04,16,18,19,20,26,14
2019145,2019-12-18(三),07,08,10,14,22,23,24,21
2019146,2019-12-20(五),07,08,11,13,22,23,28,09
2019147,2019-12-23(一),02,04,09,19,20,24,25,15
2019148,2019-12-25(三),01,02,06,12,18,23,26,17
2019149,2019-12-27(五),04,05,07,13,16,19,26,17
2019150,2019-12-30(一),03,09,13,15,20,26,28,02
2020001,2020-01-01(三),03,04,05,08,18,19,22,30
2020002,2020-01-03(五),05,14,16,17,19,22,24,02
2020003,2020-01-06(一),02,03,06,14,16,17,21,11
2020004,2020-01-08(三),03,08,09,18,20,28,30,16
2020005,2020-01-10(五),07,17,19,21,22,23,29,26
2020006,2020-01-13(一),02,05,08,15,16,21,29,17
2020007,2020-01-15(三),09,11,19,20,23,25,29,17
2020008,2020-01-17(五),01,03,05,10,12,16,20,28
2020009,2020-01-20(一),04,05,10,16,21,23,29,14
2020010,2020-03-11(三),04,06,08,14,25,26,30,23
2020011,2020-03-13(五),02,04,07,16,18,21,29,23
2020012,2020-03-16(一),02,07,09,13,15,22,30,27
2020013,2020-03-18(三),04,07,12,16,17,20,29,09
2020014,2020-03-20(五),01,08,21,22,24,26,29,07
2020015,2020-03-23(一),03,04,06,12,13,24,29,08
2020016,2020-03-25(三),09,12,17,18,19,25,28,07
2020017,2020-03-27(五),02,07,08,14,19,29,30,03
2020018,2020-03-30(一),06,13,15,23,24,26,28,08
2020019,2020-04-01(三),03,07,11,20,21,22,23,27
2020020,2020-04-03(五),02,07,11,13,21,25,30,10
2020021,2020-04-06(一),03,06,18,20,23,24,28,14
2020022,2020-04-08(三),01,05,08,09,20,22,23,19
2020023,2020-04-10(五),01,02,03,07,16,21,22,17
2020024,2020-04-13(一),06,09,14,15,21,23,28,18
2020025,2020-04-15(三),01,06,10,15,23,24,28,20
2020026,2020-04-17(五),08,14,18,22,23,25,27,07
2020027,2020-04-20(一),05,06,10,12,13,18,25,07
2020028,2020-04-22(三),04,06,17,20,24,27,29,13
2020029,2020-04-24(五),01,03,14,21,23,28,29,26
2020030,2020-04-27(一),04,09,13,15,18,24,25,02
2020031,2020-04-29(三),04,08,09,10,11,22,24,23
2020032,2020-05-01(五),06,08,10,15,19,22,24,12
2020033,2020-05-04(一),09,10,19,21,24,25,29,17
2020034,2020-05-06(三),02,07,09,13,14,23,26,15
2020035,2020-05-08(五),04,07,18,19,21,22,25,11
2020036,2020-05-11(一),07,09,11,15,16,17,20,26
2020037,2020-05-13(三),15,17,19,21,23,24,27,09
2020038,2020-05-15(五),02,07,22,24,27,29,30,12
2020039,2020-05-18(一),01,14,15,17,18,24,29,04
2020040,2020-05-20(三),02,05,18,20,24,27,30,29
2020041,2020-05-22(五),03,07,19,22,24,27,30,17
2020042,2020-05-25(一),03,09,10,16,17,18,28,24
2020043,2020-05-27(三),02,09,13,15,23,24,27,10
2020044,2020-05-29(五),02,08,12,17,18,25,27,29
2020045,2020-06-01(一),01,02,03,11,19,22,29,13
2020046,2020-06-03(三),01,02,03,08,13,18,24,25
2020047,2020-06-05(五),03,09,14,15,18,24,29,30
2020048,2020-06-08(一),05,09,11,15,24,27,30,17
2020049,2020-06-10(三),03,08,18,20,22,26,27,28
2020050,2020-06-12(五),07,11,12,23,24,26,29,18
2020051,2020-06-15(一),05,08,10,25,26,28,29,18
2020052,2020-06-17(三),01,04,08,09,10,13,29,19
2020053,2020-06-19(五),05,07,16,23,24,26,30,17
2020054,2020-06-22(一),02,12,17,22,23,25,26,24
2020055,2020-06-24(三),16,18,21,23,27,28,29,22
2020056,2020-06-26(五),03,05,10,14,24,27,28,07
2020057,2020-06-29(一),08,17,20,24,28,29,30,27
2020058,2020-07-01(三),02,04,05,06,08,16,21,12
2020059,2020-07-03(五),04,05,07,13,17,18,26,22
2020060,2020-07-06(一),12,18,20,22,23,28,30,17
2020061,2020-07-08(三),03,04,11,15,19,23,27,18
2020062,2020-07-10(五),01,04,08,12,20,21,28,07
2020063,2020-07-13(一),07,11,12,15,19,27,28,25
2020064,2020-07-15(三),01,02,03,04,18,21,23,29
2020065,2020-07-17(五),08,09,10,11,15,25,26,06
2020066,2020-07-20(一),02,03,08,13,25,29,30,09
2020067,2020-07-22(三),02,05,07,21,22,23,28,24
2020068,2020-07-24(五),02,06,10,13,16,17,18,30
2020069,2020-07-27(一),06,08,14,20,25,29,30,23
2020070,2020-07-29(三),06,08,14,15,18,21,22,13
2020071,2020-07-31(五),11,12,17,21,23,27,29,09
2020072,2020-08-03(一),09,11,16,17,19,25,30,15
2020073,2020-08-05(三),01,07,12,14,21,24,27,26
2020074,2020-08-07(五),04,06,08,10,12,20,21,07
2020075,2020-08-10(一),06,11,16,17,18,20,29,26
2020076,2020-08-12(三),03,11,15,16,17,19,30,21
2020077,2020-08-14(五),09,11,15,22,23,24,27,08
2020078,2020-08-17(一),02,09,14,16,24,26,30,23
2020079,2020-08-19(三),04,11,15,17,21,24,25,02
2020080,2020-08-21(五),08,14,18,22,23,26,29,20
2020081,2020-08-24(一),02,11,12,14,24,27,28,25
2020082,2020-08-26(三),01,02,05,11,17,21,29,10
2020083,2020-08-28(五),08,09,10,14,20,24,26,07
2020084,2020-08-31(一),01,07,12,13,17,18,24,09
2020085,2020-09-02(三),02,05,09,11,19,24,30,07
2020086,2020-09-04(五),02,05,07,10,13,22,30,20
2020087,2020-09-07(一),02,03,10,18,19,21,22,17
2020088,2020-09-09(三),02,03,12,13,20,22,26,15
2020089,2020-09-11(五),05,08,09,12,14,21,29,02
2020090,2020-09-14(一),05,07,09,10,20,22,24,27
2020091,2020-09-16(三),01,12,13,19,20,24,25,27
2020092,2020-09-18(五),05,09,10,13,28,29,30,26
2020093,2020-09-21(一),02,07,08,09,20,23,27,29
2020094,2020-09-23(三),02,13,17,18,20,22,25,10
2020095,2020-09-25(五),04,16,18,21,24,28,30,05
2020096,2020-09-28(一),02,11,12,14,18,23,29,04
2020097,2020-09-30(三),03,08,12,13,15,21,25,14
2020098,2020-10-05(一),01,05,10,20,23,24,30,03
2020099,2020-10-07(三),01,06,07,08,15,16,21,09
2020100,2020-10-09(五),02,05,12,15,20,23,24,28
2020101,2020-10-12(一),04,06,10,11,18,21,28,15
2020102,2020-10-14(三),09,13,16,17,22,27,30,14
2020103,2020-10-16(五),08,12,15,17,19,21,24,05
2020104,2020-10-19(一),05,07,10,16,18,24,25,29
2020105,2020-10-21(三),12,14,17,23,27,28,30,25
2020106,2020-10-23(五),02,04,05,09,13,14,17,24
2020107,2020-10-26(一),01,09,13,14,15,22,29,03
2020108,2020-10-28(三),06,08,09,10,20,24,29,19
2020109,2020-10-30(五),06,13,14,16,18,21,30,02
2020110,2020-11-02(一),05,08,09,14,15,19,21,29
2020111,2020-11-04(三),01,13,17,20,22,23,30,16
2020112,2020-11-06(五),04,12,15,17,19,21,27,26
2020113,2020-11-09(一),05,07,11,14,15,24,29,28
2020114,2020-11-11(三),06,08,09,10,14,15,26,05
2020115,2020-11-13(五),02,04,12,14,15,22,28,09
2020116,2020-11-16(一),02,04,05,09,10,14,30,01
2020117,2020-11-18(三),09,11,16,20,26,28,29,24
2020118,2020-11-20(五),01,07,10,11,25,27,28,26
2020119,2020-11-23(一),11,21,22,24,26,29,30,05
2020120,2020-11-25(三),09,11,12,15,21,25,30,18
2020121,2020-11-27(五),04,05,14,15,19,21,24,03
2020122,2020-11-30(一),02,04,10,17,18,21,29,03
2020123,2020-12-02(三),02,03,14,16,18,24,28,01
2020124,2020-12-04(五),08,11,13,19,20,28,29,21
2020125,2020-12-07(一),03,07,12,19,21,23,27,25
2020126,2020-12-09(三),01,02,04,07,09,16,17,19
2020127,2020-12-11(五),07,11,18,22,24,28,30,17
2020128,2020-12-14(一),13,16,17,18,22,26,29,05
2020129,2020-12-16(三),09,17,20,23,27,28,29,11
2020130,2020-12-18(五),05,09,10,13,18,21,25,11
2020131,2020-12-21(一),01,06,08,11,20,25,26,02
2020132,2020-12-23(三),03,06,07,13,17,19,28,08
2020133,2020-12-25(五),02,08,09,11,16,22,30,20
2020134,2020-12-28(一),01,03,04,10,14,19,26,15
2020135,2020-12-30(三),02,04,05,07,24,25,29,28
2021001,2021-01-01(五),03,09,10,11,17,22,24,13
2021002,2021-01-04(一),02,03,10,13,16,23,26,08
2021003,2021-01-06(三),04,05,09,11,12,24,27,07
2021004,2021-01-08(五),06,08,09,15,18,25,26,16
2021005,2021-01-11(一),02,04,18,23,24,28,29,09
2021006,2021-01-13(三),05,07,14,15,17,27,29,20
2021007,2021-01-15(五),04,05,06,22,23,26,30,03
2021008,2021-01-18(一),09,12,13,16,17,20,25,15
2021009,2021-01-20(三),01,03,04,14,25,28,30,24
2021010,2021-01-22(五),02,08,14,15,19,21,23,27
2021011,2021-01-25(一),01,06,09,13,14,15,21,29
2021012,2021-01-27(三),05,10,11,13,16,23,26,30
2021013,2021-01-29(五),02,05,07,12,23,28,30,19
2021014,2021-02-01(一),02,04,17,21,27,28,30,19
2021015,2021-02-03(三),02,03,06,07,10,15,23,24
2021016,2021-02-05(五),02,05,07,09,16,26,27,20
2021017,2021-02-08(一),02,03,06,09,24,25,30,26
2021018,2021-02-19(五),09,11,15,22,27,29,30,04
2021019,2021-02-22(一),03,11,12,16,17,20,23,08
2021020,2021-02-24(三),01,03,07,08,15,25,28,26
2021021,2021-02-26(五),05,11,12,16,19,23,26,22
2021022,2021-03-01(一),07,08,12,13,19,20,30,11
2021023,2021-03-03(三),03,04,05,08,13,17,29,24
2021024,2021-03-05(五),07,08,09,12,18,24,26,01
2021025,2021-03-08(一),02,06,12,16,17,19,26,03
2021026,2021-03-10(三),03,07,09,12,17,19,20,14
2021027,2021-03-12(五),01,06,17,20,22,25,26,11
2021028,2021-03-15(一),02,03,08,14,19,28,29,24
2021029,2021-03-17(三),01,07,12,13,15,24,29,08
2021030,2021-03-19(五),02,06,12,13,24,25,28,08
2021031,2021-03-22(一),07,09,11,15,23,24,25,20
2021032,2021-03-24(三),03,05,20,25,26,27,30,08
2021033,2021-03-26(五),04,07,13,17,18,22,29,16
2021034,2021-03-29(一),05,07,09,13,22,26,30,16
2021035,2021-03-31(三),03,04,06,08,15,20,29,01
2021036,2021-04-02(五),05,07,10,13,22,24,25,14
2021037,2021-04-05(一),01,05,06,10,16,19,20,30
2021038,2021-04-07(三),03,07,15,17,22,25,29,20
2021039,2021-04-09(五),07,12,15,21,25,27,28,16
2021040,2021-04-12(一),01,08,09,10,22,26,28,29
2021041,2021-04-14(三),04,10,16,21,24,27,29,26
2021042,2021-04-16(五),05,08,11,12,15,16,27,29
2021043,2021-04-19(一),01,02,06,15,16,22,27,24
2021044,2021-04-21(三),02,03,07,09,14,17,26,29
2021045,2021-04-23(五),01,06,08,14,24,25,29,09
2021046,2021-04-26(一),05,06,07,08,11,14,26,15
2021047,2021-04-28(三),02,06,12,18,21,25,27,11
2021048,2021-04-30(五),05,08,10,13,17,25,30,23
2021049,2021-05-03(一),03,05,10,12,15,17,19,20
2021050,2021-05-05(三),01,08,21,24,25,28,29,26
2021051,2021-05-07(五),01,04,08,11,17,26,28,29
2021052,2021-05-10(一),11,19,24,25,26,28,30,03
2021053,2021-05-12(三),01,02,05,07,09,19,30,17
2021054,2021-05-14(五),07,11,18,19,20,21,24,25
2021055,2021-05-17(一),04,06,07,10,11,27,30,20
2021056,2021-05-19(三),02,03,08,09,17,25,30,21
2021057,2021-05-21(五),03,06,12,18,20,23,28,08
2021058,2021-05-24(一),03,04,06,08,19,21,27,28
2021059,2021-05-26(三),05,06,08,15,21,23,28,16
2021060,2021-05-28(五),01,04,05,11,16,19,26,24
2021061,2021-05-31(一),03,09,16,21,22,26,30,08
2021062,2021-06-02(三),06,11,14,21,22,26,28,03
2021063,2021-06-04(五),01,08,12,14,15,16,24,20
2021064,2021-06-07(一),07,12,20,23,24,25,27,14
2021065,2021-06-09(三),06,12,13,15,17,18,19,03
2021066,2021-06-11(五),05,10,11,17,20,29,30,19
2021067,2021-06-14(一),03,04,07,09,11,15,16,13
2021068,2021-06-16(三),13,14,19,21,23,27,28,30
2021069,2021-06-18(五),06,07,10,19,21,28,30,12
2021070,2021-06-21(一),04,06,18,21,23,24,28,11
2021071,2021-06-23(三),02,05,09,10,13,21,29,25
2021072,2021-06-25(五),02,06,12,14,16,18,20,19
2021073,2021-06-28(一),08,10,12,14,18,26,28,11
2021074,2021-06-30(三),06,08,09,10,18,20,25,24
2021075,2021-07-02(五),01,10,12,13,17,18,19,25
2021076,2021-07-05(一),05,07,08,09,12,16,25,14
2021077,2021-07-07(三),04,09,13,15,21,24,28,20
2021078,2021-07-09(五),01,05,09,17,19,28,29,30
2021079,2021-07-12(一),03,07,09,12,13,20,22,21
2021080,2021-07-14(三),06,09,16,17,22,25,29,27
2021081,2021-07-16(五),03,11,14,16,20,26,28,17
2021082,2021-07-19(一),02,09,13,15,16,24,26,05
2021083,2021-07-21(三),01,02,04,16,19,20,22,25
2021084,2021-07-23(五),02,06,10,13,18,22,25,12
2021085,2021-07-26(一),04,05,07,09,18,21,28,19
2021086,2021-07-28(三),02,08,11,12,16,17,18,23
2021087,2021-07-30(五),01,10,13,16,17,28,30,04
2021088,2021-08-02(一),02,12,17,20,25,26,27,16
2021089,2021-08-04(三),08,12,17,18,21,24,30,22
2021090,2021-08-06(五),05,15,18,19,22,23,28,09
2021091,2021-08-09(一),02,04,05,08,13,25,27,15
2021092,2021-08-11(三),05,08,10,23,27,28,29,13
2021093,2021-08-13(五),03,08,13,23,26,27,30,14
2021094,2021-08-16(一),04,05,11,14,20,22,23,03
2021095,2021-08-18(三),01,04,05,06,16,24,30,25
2021096,2021-08-20(五),08,17,22,23,25,27,29,04
2021097,2021-08-23(一),03,04,06,08,09,11,13,22
2021098,2021-08-25(三),01,12,15,16,17,20,22,26
2021099,2021-08-27(五),04,06,09,15,22,23,27,08
2021100,2021-08-30(一),02,04,07,08,10,18,20,24
2021101,2021-09-01(三),01,02,07,09,12,13,23,21
2021102,2021-09-03(五),02,10,12,16,17,22,23,24
2021103,2021-09-06(一),04,05,06,10,24,25,26,20
2021104,2021-09-08(三),01,05,12,13,18,24,28,09
2021105,2021-09-10(五),05,06,08,11,13,24,26,01
2021106,2021-09-13(一),05,08,12,13,16,23,24,21
2021107,2021-09-15(三),01,05,08,09,13,15,18,22
2021108,2021-09-17(五),10,15,16,17,22,24,27,05
2021109,2021-09-20(一),01,02,03,10,13,18,22,09
2021110,2021-09-22(三),07,08,12,23,24,25,27,10
2021111,2021-09-24(五),01,07,12,17,18,24,29,10
2021112,2021-09-27(一),08,10,11,14,18,22,28,23
2021113,2021-09-29(三),04,10,20,21,22,26,27,30
2021114,2021-10-06(三),02,05,11,12,15,21,28,13
2021115,2021-10-08(五),01,05,07,09,10,16,18,03
2021116,2021-10-11(一),08,13,14,18,19,25,26,23
2021117,2021-10-13(三),08,10,15,18,21,22,28,11
2021118,2021-10-15(五),12,13,17,21,23,28,30,10
2021119,2021-10-18(一),01,05,06,10,12,16,27,11
2021120,2021-10-20(三),05,06,12,14,18,27,28,11
2021121,2021-10-22(五),03,05,09,21,24,28,29,04
2021122,2021-10-25(一),04,07,12,15,17,19,27,06
2021123,2021-10-27(三),02,03,05,08,16,22,27,10
2021124,2021-10-29(五),04,05,07,10,24,26,29,23
2021125,2021-11-01(一),04,06,11,13,16,26,30,19
2021126,2021-11-03(三),05,12,17,19,25,29,30,20
2021127,2021-11-05(五),01,07,09,13,14,20,26,12
2021128,2021-11-08(一),04,08,11,14,15,18,26,16
2021129,2021-11-10(三),07,13,14,18,19,20,26,06
2021130,2021-11-12(五),02,04,09,15,21,22,29,03
2021131,2021-11-15(一),02,10,16,21,25,26,30,11
2021132,2021-11-17(三),03,04,09,12,16,20,21,22
2021133,2021-11-19(五),02,05,07,09,10,15,30,14
2021134,2021-11-22(一),04,05,10,13,21,22,25,28
2021135,2021-11-24(三),08,10,13,21,25,26,30,09
2021136,2021-11-26(五),04,05,07,16,21,24,27,30
2021137,2021-11-29(一),01,05,08,14,19,25,30,22
2021138,2021-12-01(三),03,06,07,08,13,23,24,16
2021139,2021-12-03(五),01,12,13,16,19,22,25,24
2021140,2021-12-06(一),11,12,14,16,24,26,27,09
2021141,2021-12-08(三),05,12,17,18,19,27,29,07
2021142,2021-12-10(五),02,04,06,11,14,16,17,27
2021143,2021-12-13(一),02,10,13,14,16,18,20,30
2021144,2021-12-15(三),03,04,14,17,23,24,27,18
2021145,2021-12-17(五),01,09,18,20,22,27,29,04
2021146,2021-12-20(一),02,07,19,20,25,28,30,22
2021147,2021-12-22(三),03,05,11,18,22,24,25,23
2021148,2021-12-24(五),02,06,13,19,22,24,28,14
2021149,2021-12-27(一),03,15,17,18,21,23,29,26
2021150,2021-12-29(三),06,12,17,19,22,23,27,20
2021151,2021-12-31(五),04,06,08,09,12,13,24,20
2022001,2022-01-03(一),08,12,17,18,21,22,24,07
2022002,2022-01-05(三),12,14,20,23,25,28,29,15
2022003,2022-01-07(五),06,07,08,16,20,23,28,15
2022004,2022-01-10(一),04,07,09,12,13,14,16,05
2022005,2022-01-12(三),04,10,13,18,19,20,22,25
2022006,2022-01-14(五),04,09,14,16,18,19,29,23
2022007,2022-01-17(一),06,10,12,15,16,29,30,03
2022008,2022-01-19(三),06,09,11,20,25,26,29,24
2022009,2022-01-21(五),03,06,10,14,15,17,21,20
2022010,2022-01-24(一),10,16,18,23,25,28,30,27
2022011,2022-01-26(三),02,03,06,08,15,26,27,12
2022012,2022-01-28(五),02,06,13,14,18,28,29,25
2022013,2022-02-09(三),01,07,09,12,18,21,27,20
2022014,2022-02-11(五),01,03,10,11,17,20,28,04
2022015,2022-02-14(一),11,15,20,22,24,26,27,23
2022016,2022-02-16(三),04,07,08,12,18,24,29,06
2022017,2022-02-18(五),02,10,14,16,17,18,29,28
2022018,2022-02-21(一),08,11,12,13,22,24,30,10
2022019,2022-02-23(三),10,11,13,15,17,27,29,08
2022020,2022-02-25(五),01,04,13,14,15,27,28,18
2022021,2022-02-28(一),01,04,13,16,18,22,23,11
2022022,2022-03-02(三),05,08,14,16,20,21,29,06
2022023,2022-03-04(五),01,04,10,15,17,19,24,05
2022024,2022-03-07(一),03,05,08,09,14,22,23,20
2022025,2022-03-09(三),06,08,11,12,18,19,22,26
2022026,2022-03-11(五),01,05,07,10,15,28,29,23
2022027,2022-03-14(一),04,05,08,15,16,26,28,18
2022028,2022-03-16(三),02,06,11,17,22,23,25,08
2022029,2022-03-18(五),01,13,22,23,24,26,30,07
2022030,2022-03-21(一),01,02,07,10,21,29,30,23
2022031,2022-03-23(三),02,04,05,07,10,12,16,25
2022032,2022-03-25(五),06,15,21,22,25,27,28,10
2022033,2022-03-28(一),05,09,10,12,16,18,23,24
2022034,2022-03-30(三),03,05,07,08,12,26,30,22
2022035,2022-04-01(五),02,07,13,22,23,28,30,26
2022036,2022-04-04(一),02,04,07,08,13,16,19,23
2022037,2022-04-06(三),03,16,17,18,23,25,30,06
2022038,2022-04-08(五),06,09,11,13,18,19,22,16
2022039,2022-04-11(一),12,16,17,18,19,25,29,02
2022040,2022-04-13(三),12,13,14,18,24,27,30,05
2022041,2022-04-15(五),03,10,11,12,25,28,30,09
2022042,2022-04-18(一),01,02,08,11,22,24,25,07
2022043,2022-04-20(三),03,06,08,18,23,26,28,19
2022044,2022-04-22(五),03,07,15,16,21,23,28,20
2022045,2022-04-25(一),04,07,08,10,11,15,27,16
2022046,2022-04-27(三),02,07,21,22,23,25,30,27
2022047,2022-04-29(五),01,03,17,24,25,27,28,06
2022048,2022-05-02(一),01,05,11,18,25,29,30,17
2022049,2022-05-04(三),02,05,19,21,22,24,26,13
2022050,2022-05-06(五),02,04,19,22,23,25,28,17
2022051,2022-05-09(一),03,05,14,15,19,23,29,18
2022052,2022-05-11(三),03,09,10,16,20,24,25,28
2022053,2022-05-13(五),01,02,03,07,12,16,19,18
2022054,2022-05-16(一),04,05,10,11,16,19,28,29
2022055,2022-05-18(三),05,07,15,21,22,23,27,09
2022056,2022-05-20(五),04,07,12,14,18,28,30,20
2022057,2022-05-23(一),02,07,09,12,19,23,27,30
2022058,2022-05-25(三),08,10,14,17,18,24,30,16
2022059,2022-05-27(五),05,10,13,15,16,21,26,08
2022060,2022-05-30(一),01,03,05,11,13,19,23,02
2022061,2022-06-01(三),03,10,16,23,25,28,29,05
2022062,2022-06-03(五),02,03,04,05,10,14,23,16
2022063,2022-06-06(一),05,07,09,11,17,22,24,15
2022064,2022-06-08(三),02,06,08,11,18,19,27,01
2022065,2022-06-10(五),01,02,06,15,16,26,29,27
2022066,2022-06-13(一),04,06,09,10,16,24,26,13
2022067,2022-06-15(三),02,04,11,17,20,22,27,30
2022068,2022-06-17(五),03,05,06,15,18,21,27,24
2022069,2022-06-20(一),06,07,13,19,20,28,29,04
2022070,2022-06-22(三),02,07,09,13,16,17,18,01
2022071,2022-06-24(五),02,04,07,09,19,24,27,23
2022072,2022-06-27(一),02,12,17,21,25,26,27,08
2022073,2022-06-29(三),09,13,15,17,24,25,29,08
2022074,2022-07-01(五),01,08,23,26,28,29,30,14
2022075,2022-07-04(一),01,04,18,22,24,27,30,14
2022076,2022-07-06(三),01,05,07,12,18,20,24,28
2022077,2022-07-08(五),03,09,11,13,14,22,24,15
2022078,2022-07-11(一),05,08,11,15,19,20,21,23
2022079,2022-07-13(三),01,05,08,13,14,16,30,27
2022080,2022-07-15(五),08,09,13,16,19,24,27,02
2022081,2022-07-18(一),07,09,15,20,21,25,29,13
2022082,2022-07-20(三),03,04,08,14,18,21,25,06
2022083,2022-07-22(五),09,14,17,20,21,24,29,19
2022084,2022-07-25(一),01,08,09,21,25,28,30,11
2022085,2022-07-27(三),05,07,11,12,13,19,25,16
2022086,2022-07-29(五),04,11,12,13,16,28,30,20
2022087,2022-08-01(一),07,09,13,15,19,21,24,28
2022088,2022-08-03(三),01,03,04,14,24,28,30,06
2022089,2022-08-05(五),01,07,10,11,21,24,28,23
2022090,2022-08-08(一),04,06,11,15,18,19,23,10
2022091,2022-08-10(三),05,10,14,17,18,24,26,11
2022092,2022-08-12(五),02,05,11,14,17,24,25,06
2022093,2022-08-15(一),03,05,09,12,15,19,29,14
2022094,2022-08-17(三),01,02,05,10,12,19,23,29
2022095,2022-08-19(五),03,06,11,14,21,25,27,15
2022096,2022-08-22(一),01,03,08,10,16,19,29,27
2022097,2022-08-24(三),01,02,09,22,23,24,25,16
2022098,2022-08-26(五),10,16,17,19,21,28,29,07
2022099,2022-08-29(一),01,11,13,16,21,22,26,02
2022100,2022-08-31(三),01,03,08,09,16,26,28,22
2022101,2022-09-02(五),02,03,04,05,08,24,25,28
2022102,2022-09-05(一),01,07,08,15,26,29,30,17
2022103,2022-09-07(三),02,05,07,09,13,20,25,23
2022104,2022-09-09(五),03,06,13,14,15,17,28,24
2022105,2022-09-12(一),05,09,11,20,21,23,28,02
2022106,2022-09-14(三),05,10,14,16,21,24,26,17
2022107,2022-09-16(五),06,07,08,09,19,21,28,12
2022108,2022-09-19(一),04,07,09,13,14,15,20,06
2022109,2022-09-21(三),07,13,14,15,19,20,23,08
2022110,2022-09-23(五),01,02,07,13,22,25,28,06
2022111,2022-09-26(一),02,04,07,09,10,12,20,05
2022112,2022-09-28(三),02,07,08,13,20,21,28,12
2022113,2022-09-30(五),04,06,08,13,18,23,24,28
2022114,2022-10-05(三),10,12,13,18,23,24,26,06
2022115,2022-10-07(五),03,11,13,16,17,29,30,26
2022116,2022-10-10(一),01,03,06,08,10,17,18,26
2022117,2022-10-12(三),01,17,19,22,26,29,30,04
2022118,2022-10-14(五),01,05,07,09,17,21,27,08
2022119,2022-10-17(一),01,10,12,13,14,25,29,18
2022120,2022-10-19(三),02,06,14,17,19,27,28,08
2022121,2022-10-21(五),08,15,19,21,27,28,30,03
2022122,2022-10-24(一),01,06,14,18,19,23,26,20
2022123,2022-10-26(三),04,06,16,21,23,24,28,17
2022124,2022-10-28(五),04,12,14,16,23,26,30,09
2022125,2022-10-31(一),06,08,10,18,20,21,22,02
2022126,2022-11-02(三),05,07,10,18,19,23,28,04
2022127,2022-11-04(五),02,08,13,18,24,28,29,17
2022128,2022-11-07(一),03,08,09,10,12,16,24,27
2022129,2022-11-09(三),06,15,18,19,21,24,30,11
2022130,2022-11-11(五),02,05,06,09,11,26,27,08
2022131,2022-11-14(一),07,10,15,19,20,22,28,08
2022132,2022-11-16(三),02,14,16,17,26,27,28,09
2022133,2022-11-18(五),01,03,08,21,22,27,30,04
2022134,2022-11-21(一),02,09,10,21,22,24,29,25
2022135,2022-11-23(三),04,07,09,10,22,24,28,11
2022136,2022-11-25(五),03,05,08,13,14,24,26,12
2022137,2022-11-28(一),02,05,11,12,22,23,24,06
2022138,2022-11-30(三),01,03,07,11,19,23,26,29
2022139,2022-12-02(五),04,06,11,14,21,23,30,01
2022140,2022-12-05(一),10,13,19,23,25,28,30,17
2022141,2022-12-07(三),07,08,11,18,19,21,29,15
2022142,2022-12-09(五),05,12,14,17,19,21,26,22
2022143,2022-12-12(一),02,04,12,14,16,18,27,11
2022144,2022-12-14(三),03,04,09,10,13,17,23,05
2022145,2022-12-16(五),01,02,13,15,16,18,26,14
2022146,2022-12-19(一),16,17,21,22,25,27,28,08
2022147,2022-12-21(三),02,03,06,13,18,19,26,23
2022148,2022-12-23(五),01,02,07,09,10,15,25,18
2022149,2022-12-26(一),06,08,10,11,12,24,27,03
2022150,2022-12-28(三),02,03,05,06,11,14,22,18
2022151,2022-12-30(五),01,06,17,21,22,25,29,09
2023001,2023-01-02(一),03,04,09,18,23,28,30,05
2023002,2023-01-04(三),01,06,10,16,22,26,28,25
2023003,2023-01-06(五),01,11,17,20,22,23,27,03
2023004,2023-01-09(一),03,07,11,13,17,22,27,14
2023005,2023-01-11(三),02,03,04,08,15,26,27,12
2023006,2023-01-13(五),04,14,19,22,25,28,30,18
2023007,2023-01-16(一),02,04,15,16,17,26,27,09
2023008,2023-01-18(三),02,07,16,22,23,26,29,11
2023009,2023-01-30(一),07,09,15,17,20,25,29,21
2023010,2023-02-01(三),06,12,20,21,22,28,29,25
2023011,2023-02-03(五),08,10,13,14,22,24,30,07
2023012,2023-02-06(一),01,02,09,11,13,27,29,16
2023013,2023-02-08(三),01,08,10,11,12,13,17,29
2023014,2023-02-10(五),02,03,04,08,17,25,26,09
2023015,2023-02-13(一),17,18,21,23,24,25,28,10
2023016,2023-02-15(三),11,17,18,20,23,25,29,15
2023017,2023-02-17(五),02,05,07,14,16,21,23,17
2023018,2023-02-20(一),03,12,18,20,25,26,29,08
2023019,2023-02-22(三),02,03,04,11,18,21,28,29
2023020,2023-02-24(五),03,05,06,15,22,24,28,13
2023021,2023-02-27(一),02,07,15,17,23,24,29,26
2023022,2023-03-01(三),09,17,19,22,24,25,28,02
2023023,2023-03-03(五),02,03,09,19,23,25,27,16
2023024,2023-03-06(一),06,07,10,11,15,21,23,28
2023025,2023-03-08(三),12,15,17,21,27,28,30,24
2023026,2023-03-10(五),02,05,15,17,20,22,28,26
2023027,2023-03-13(一),03,12,14,24,25,26,28,08
2023028,2023-03-15(三),08,12,13,15,17,20,21,04
2023029,2023-03-17(五),02,10,14,16,25,26,29,12
2023030,2023-03-20(一),01,06,10,11,12,13,29,20
2023031,2023-03-22(三),09,15,21,22,28,29,30,14
2023032,2023-03-24(五),08,10,14,24,26,28,30,21
2023033,2023-03-27(一),01,04,05,11,15,17,27,14
2023034,2023-03-29(三),06,08,10,13,18,20,27,02
2023035,2023-03-31(五),02,11,18,19,21,26,30,10
2023036,2023-04-03(一),06,14,15,18,21,23,25,28
2023037,2023-04-05(三),02,03,13,14,18,25,30,28
2023038,2023-04-07(五),01,04,05,06,09,10,16,14
2023039,2023-04-10(一),03,09,11,15,18,23,25,17
2023040,2023-04-12(三),01,04,05,07,10,13,26,08
2023041,2023-04-14(五),01,04,07,08,10,21,23,03
2023042,2023-04-17(一),03,11,15,19,20,22,25,01
2023043,2023-04-19(三),01,02,11,20,21,22,27,24
2023044,2023-04-21(五),01,04,07,08,11,13,20,14
2023045,2023-04-24(一),01,03,13,20,24,25,28,18
2023046,2023-04-26(三),05,10,14,20,23,25,26,13
2023047,2023-04-28(五),04,05,09,15,22,23,27,20
2023048,2023-05-01(一),09,11,15,16,17,18,21,12
2023049,2023-05-03(三),04,05,07,09,19,24,29,20
2023050,2023-05-05(五),04,09,12,17,18,23,27,02
2023051,2023-05-08(一),01,04,05,15,18,20,21,29
2023052,2023-05-10(三),11,14,17,20,22,25,26,18
2023053,2023-05-12(五),03,08,09,13,23,25,30,18
2023054,2023-05-15(一),12,17,18,19,20,26,29,03
2023055,2023-05-17(三),03,12,16,23,26,28,29,09
2023056,2023-05-19(五),03,04,09,11,18,27,29,20
2023057,2023-05-22(一),03,04,12,14,18,25,28,24
2023058,2023-05-24(三),01,03,07,15,17,22,26,28
2023059,2023-05-26(五),02,12,18,19,22,23,24,26
2023060,2023-05-29(一),01,11,13,15,16,19,21,22
2023061,2023-05-31(三),04,05,17,18,19,20,25,22
2023062,2023-06-02(五),01,04,11,18,19,22,26,03
2023063,2023-06-05(一),02,06,09,14,19,21,28,13
2023064,2023-06-07(三),04,17,20,25,28,29,30,13
2023065,2023-06-09(五),01,04,07,09,11,17,28,18
2023066,2023-06-12(一),04,06,08,11,19,22,30,27
2023067,2023-06-14(三),03,07,08,12,14,21,28,20
2023068,2023-06-16(五),03,05,09,11,12,25,27,14
2023069,2023-06-19(一),06,07,13,15,18,22,25,28
2023070,2023-06-21(三),01,04,05,11,16,17,28,03
2023071,2023-06-23(五),04,05,08,21,24,29,30,01
2023072,2023-06-26(一),09,10,16,21,27,28,29,24
2023073,2023-06-28(三),05,06,07,08,12,15,28,09
2023074,2023-06-30(五),04,06,07,08,14,15,23,16
2023075,2023-07-03(一),03,05,09,11,15,21,25,06
2023076,2023-07-05(三),04,05,19,20,26,27,29,17
2023077,2023-07-07(五),11,13,15,20,23,27,30,10
2023078,2023-07-10(一),01,02,09,10,11,17,21,28
2023079,2023-07-12(三),05,07,08,16,18,21,25,22
2023080,2023-07-14(五),10,13,14,18,21,24,30,09
2023081,2023-07-17(一),05,09,11,13,15,19,29,08
2023082,2023-07-19(三),08,11,15,20,23,27,29,17
2023083,2023-07-21(五),01,08,11,16,21,22,30,25
2023084,2023-07-24(一),03,04,06,08,10,11,16,05
2023085,2023-07-26(三),07,09,13,14,19,21,22,20
2023086,2023-07-28(五),02,10,11,12,15,20,25,14
2023087,2023-07-31(一),02,05,10,11,18,24,28,17
2023088,2023-08-02(三),07,08,12,13,16,23,28,30
2023089,2023-08-04(五),05,07,09,12,14,17,24,26
2023090,2023-08-07(一),01,02,12,17,19,21,28,11
2023091,2023-08-09(三),01,02,07,10,13,14,19,27
2023092,2023-08-11(五),01,03,21,27,28,29,30,24
2023093,2023-08-14(一),05,07,11,12,13,20,26,10
2023094,2023-08-16(三),04,07,11,13,16,18,30,10
2023095,2023-08-18(五),01,02,04,10,11,13,14,26
2023096,2023-08-21(一),06,08,12,15,18,20,21,13
2023097,2023-08-23(三),03,06,07,09,15,16,29,24
2023098,2023-08-25(五),01,04,16,17,19,23,26,13
2023099,2023-08-28(一),02,06,13,18,23,28,29,27
2023100,2023-08-30(三),01,06,13,21,22,25,29,08
2023101,2023-09-01(五),03,06,09,13,14,23,29,01
2023102,2023-09-04(一),01,12,13,14,26,27,30,22
2023103,2023-09-06(三),01,17,18,20,23,26,29,13
2023104,2023-09-08(五),04,08,15,17,20,25,26,12
2023105,2023-09-11(一),01,04,13,19,25,26,28,16
2023106,2023-09-13(三),01,05,10,11,16,22,25,23
2023107,2023-09-15(五),02,05,11,13,21,23,28,09
2023108,2023-09-18(一),01,06,07,08,09,12,20,29
2023109,2023-09-20(三),08,11,13,21,24,26,28,30
2023110,2023-09-22(五),06,07,08,10,11,17,22,03
2023111,2023-09-25(一),04,05,15,19,20,29,30,12
2023112,2023-09-27(三),03,06,08,13,14,17,22,24
2023113,2023-09-29(五),01,02,06,19,23,25,30,16
2023114,2023-10-06(五),02,09,16,18,20,23,28,27
2023115,2023-10-09(一),04,06,07,12,14,17,22,25
2023116,2023-10-11(三),05,11,18,19,21,29,30,24
2023117,2023-10-13(五),05,10,23,24,25,27,29,01
2023118,2023-10-16(一),01,07,09,10,14,17,22,11
2023119,2023-10-18(三),11,13,17,20,23,24,29,26
2023120,2023-10-20(五),01,02,06,07,10,21,28,03
2023121,2023-10-23(一),11,12,15,17,19,28,30,04
2023122,2023-10-25(三),01,10,12,13,16,17,23,22
2023123,2023-10-27(五),01,10,13,14,18,22,25,23
2023124,2023-10-30(一),01,03,09,12,22,28,30,10
2023125,2023-11-01(三),13,14,15,17,18,22,30,20
2023126,2023-11-03(五),03,06,13,19,20,22,23,09
2023127,2023-11-06(一),05,11,12,15,17,22,27,25
2023128,2023-11-08(三),06,08,14,16,19,21,23,10
2023129,2023-11-10(五),04,07,12,18,25,29,30,03
2023130,2023-11-13(一),01,04,10,12,15,25,28,05
2023131,2023-11-15(三),02,06,07,09,18,26,30,19
2023132,2023-11-17(五),06,14,16,20,22,25,29,19
2023133,2023-11-20(一),06,08,12,16,22,24,25,05
2023134,2023-11-22(三),04,11,17,18,19,24,29,16
2023135,2023-11-24(五),01,05,08,11,19,23,26,29
2023136,2023-11-27(一),10,11,13,17,25,26,27,04
2023137,2023-11-29(三),06,11,13,18,26,27,30,01
2023138,2023-12-01(五),04,07,14,16,19,20,25,05
2023139,2023-12-04(一),02,08,10,11,16,19,28,22
2023140,2023-12-06(三),04,06,08,13,22,24,29,25
2023141,2023-12-08(五),08,09,10,19,20,21,25,01
2023142,2023-12-11(一),01,17,20,22,25,26,27,21
2023143,2023-12-13(三),02,03,06,08,09,18,30,16
2023144,2023-12-15(五),01,08,14,17,21,22,24,05
2023145,2023-12-18(一),02,03,04,09,28,29,30,22
2023146,2023-12-20(三),04,05,09,13,21,24,27,16
2023147,2023-12-22(五),04,08,09,15,18,20,25,29
2023148,2023-12-25(一),02,13,17,19,20,21,22,27
2023149,2023-12-27(三),03,07,13,17,18,21,28,22
2023150,2023-12-29(五),02,05,16,17,20,25,26,04
2024001,2024-01-01(一),06,07,10,13,17,23,27,26
2024002,2024-01-03(三),06,11,17,19,21,23,26,28
2024003,2024-01-05(五),02,03,04,07,22,27,30,15
2024004,2024-01-08(一),01,05,06,07,08,21,23,16
2024005,2024-01-10(三),02,05,10,13,14,15,19,29
2024006,2024-01-12(五),01,03,06,08,15,23,25,07
2024007,2024-01-15(一),06,08,12,17,22,28,30,11
2024008,2024-01-17(三),06,08,12,15,24,27,28,26
2024009,2024-01-19(五),04,08,18,21,25,28,29,02
2024010,2024-01-22(一),02,03,08,16,24,25,26,13
2024011,2024-01-24(三),01,11,14,18,19,21,27,10
2024012,2024-01-26(五),08,17,20,22,23,26,29,01
2024013,2024-01-29(一),01,09,11,22,24,25,28,18
2024014,2024-01-31(三),10,14,15,17,18,23,25,20
2024015,2024-02-02(五),08,16,18,20,21,22,30,10
2024016,2024-02-05(一),04,12,16,18,19,26,30,20
2024017,2024-02-07(三),06,09,11,12,13,17,24,26
2024018,2024-02-19(一),04,06,19,21,28,29,30,02
2024019,2024-02-21(三),02,04,06,15,22,29,30,19
2024020,2024-02-23(五),04,15,18,19,20,25,27,22
2024021,2024-02-26(一),04,05,11,13,16,29,30,12
2024022,2024-02-28(三),03,07,10,15,16,27,28,12
2024023,2024-03-01(五),01,10,12,16,17,19,27,24
2024024,2024-03-04(一),01,08,14,16,20,21,23,11
2024025,2024-03-06(三),03,05,11,12,22,27,29,24
2024026,2024-03-08(五),03,05,07,14,17,19,30,16
2024027,2024-03-11(一),03,15,18,21,23,29,30,28
2024028,2024-03-13(三),01,03,15,17,21,24,30,04
2024029,2024-03-15(五),01,05,08,13,19,24,30,04
2024030,2024-03-18(一),04,07,10,14,20,23,27,12
2024031,2024-03-20(三),01,06,08,11,12,17,27,16
2024032,2024-03-22(五),05,08,09,15,17,20,24,29
2024033,2024-03-25(一),01,08,12,19,23,26,27,15
2024034,2024-03-27(三),03,05,18,22,23,25,29,12
2024035,2024-03-29(五),04,05,08,19,23,28,29,25
2024036,2024-04-01(一),07,08,18,19,22,28,29,27
2024037,2024-04-03(三),01,09,11,14,25,28,29,13
2024038,2024-04-05(五),01,07,10,16,18,23,26,29
2024039,2024-04-08(一),02,10,17,18,21,24,25,19
2024040,2024-04-10(三),05,08,09,13,14,19,21,10
2024041,2024-04-12(五),02,06,09,16,21,23,25,27
2024042,2024-04-15(一),09,12,16,20,21,23,26,27
2024043,2024-04-17(三),06,10,12,13,18,24,27,20
2024044,2024-04-19(五),02,03,12,15,18,22,25,30
2024045,2024-04-22(一),03,10,12,17,18,23,25,15
2024046,2024-04-24(三),06,13,14,18,19,22,29,16
2024047,2024-04-26(五),05,08,11,13,15,22,27,25
2024048,2024-04-29(一),03,05,09,14,21,23,27,24
2024049,2024-05-01(三),01,21,23,25,26,28,30,16
2024050,2024-05-03(五),02,09,14,20,26,29,30,15
2024051,2024-05-06(一),01,02,16,18,20,25,26,14
2024052,2024-05-08(三),07,11,13,17,18,19,25,16
2024053,2024-05-10(五),02,10,13,24,27,28,29,01
2024054,2024-05-13(一),03,06,11,12,16,26,28,25
2024055,2024-05-15(三),01,12,14,23,26,27,28,02
2024056,2024-05-17(五),02,03,04,09,16,17,24,22
2024057,2024-05-20(一),04,05,10,16,17,20,27,12
2024058,2024-05-22(三),04,07,11,13,19,21,29,09
2024059,2024-05-24(五),02,04,05,08,10,22,24,23
2024060,2024-05-27(一),01,04,10,18,20,24,25,30
2024061,2024-05-29(三),05,06,12,18,19,21,29,11
2024062,2024-05-31(五),02,08,09,11,12,18,27,22
2024063,2024-06-03(一),03,04,13,14,18,25,30,12
2024064,2024-06-05(三),05,07,17,18,20,23,24,02
2024065,2024-06-07(五),02,10,15,16,23,28,30,25
2024066,2024-06-10(一),03,06,08,17,20,25,27,22
2024067,2024-06-12(三),10,12,13,23,24,25,30,16
2024068,2024-06-14(五),02,05,09,15,20,22,23,17
2024069,2024-06-17(一),04,06,11,18,22,25,26,19
2024070,2024-06-19(三),02,03,16,20,23,27,29,13
2024071,2024-06-21(五),04,05,13,21,23,24,27,02
2024072,2024-06-24(一),08,16,19,21,23,27,28,24
2024073,2024-06-26(三),03,04,06,07,20,24,29,11
2024074,2024-06-28(五),08,12,17,19,23,25,30,10
2024075,2024-07-01(一),04,07,11,16,22,27,30,23
2024076,2024-07-03(三),04,05,08,15,16,19,23,07
2024077,2024-07-05(五),03,10,11,13,20,22,29,19
2024078,2024-07-08(一),03,04,05,08,12,22,30,21
2024079,2024-07-10(三),04,09,11,14,15,24,25,10
2024080,2024-07-12(五),13,14,15,17,20,24,30,28
2024081,2024-07-15(一),04,08,09,12,19,22,27,10
2024082,2024-07-17(三),11,12,13,15,19,20,27,28
2024083,2024-07-19(五),08,09,10,20,21,22,25,03
2024084,2024-07-22(一),02,13,16,18,20,25,30,03
2024085,2024-07-24(三),01,09,11,12,23,27,28,14
2024086,2024-07-26(五),08,10,11,14,19,23,25,17
2024087,2024-07-29(一),02,03,04,17,18,20,30,24
2024088,2024-07-31(三),02,04,07,17,21,24,30,20
2024089,2024-08-02(五),01,07,12,13,16,29,30,14
2024090,2024-08-05(一),02,05,08,14,20,29,30,23
2024091,2024-08-07(三),12,13,14,15,23,24,25,02
2024092,2024-08-09(五),06,07,10,17,19,21,23,15
2024093,2024-08-12(一),03,05,11,19,20,21,30,18
2024094,2024-08-14(三),03,10,13,14,16,17,18,29
2024095,2024-08-16(五),03,06,10,16,18,24,30,26
2024096,2024-08-19(一),02,04,07,08,09,14,29,25
2024097,2024-08-21(三),02,12,13,15,18,28,29,10
2024098,2024-08-23(五),12,13,15,17,23,28,30,18
2024099,2024-08-26(一),03,06,13,14,22,25,28,18
2024100,2024-08-28(三),02,06,09,13,17,21,25,26
2024101,2024-08-30(五),02,04,07,10,25,26,27,05
2024102,2024-09-02(一),01,03,09,12,21,22,25,18
2024103,2024-09-04(三),01,06,13,15,18,26,27,05
2024104,2024-09-06(五),04,05,13,23,24,28,30,20
2024105,2024-09-09(一),02,06,09,11,13,20,28,22
2024106,2024-09-11(三),01,11,14,23,27,29,30,18
2024107,2024-09-13(五),01,05,15,20,24,27,29,03
2024108,2024-09-16(一),04,06,08,13,21,25,28,16
2024109,2024-09-18(三),09,12,16,18,22,28,29,20
2024110,2024-09-20(五),02,03,10,13,20,21,23,11
2024111,2024-09-23(一),01,02,05,14,19,22,26,16
2024112,2024-09-25(三),06,10,16,20,23,27,29,11
2024113,2024-09-27(五),06,09,16,17,19,22,26,10
2024114,2024-09-30(一),04,08,14,17,24,26,30,05
2024115,2024-10-07(一),08,11,16,17,18,25,26,06
2024116,2024-10-09(三),05,07,14,16,19,21,27,03
2024117,2024-10-11(五),09,14,15,20,24,25,27,01
2024118,2024-10-14(一),04,05,06,13,15,25,27,12
2024119,2024-10-16(三),05,06,10,12,18,20,29,21
2024120,2024-10-18(五),06,09,11,18,21,25,28,19
2024121,2024-10-21(一),02,05,06,08,19,25,30,13
2024122,2024-10-23(三),01,07,09,12,17,26,30,11
2024123,2024-10-25(五),01,10,17,20,23,25,27,14
2024124,2024-10-28(一),06,14,15,19,21,24,25,22
2024125,2024-10-30(三),01,02,07,13,26,27,30,04
2024126,2024-11-01(五),01,02,15,16,20,21,30,14
2024127,2024-11-04(一),02,04,05,06,07,10,24,17
2024128,2024-11-06(三),03,08,11,15,18,27,29,17
2024129,2024-11-08(五),03,05,10,14,16,21,23,06
2024130,2024-11-11(一),01,02,06,08,18,26,27,29
2024131,2024-11-13(三),03,04,08,16,17,26,28,07
2024132,2024-11-15(五),02,05,06,13,14,18,23,30
2024133,2024-11-18(一),01,05,11,23,27,28,30,20
2024134,2024-11-20(三),02,08,10,14,18,25,27,15
2024135,2024-11-22(五),06,12,15,17,23,27,29,16
2024136,2024-11-25(一),02,07,08,13,15,25,29,19
2024137,2024-11-27(三),02,03,09,14,17,22,24,08
2024138,2024-11-29(五),05,07,13,15,17,21,22,01
2024139,2024-12-02(一),03,06,09,13,24,26,28,16
2024140,2024-12-04(三),12,16,19,25,26,27,29,22
2024141,2024-12-06(五),01,03,06,07,23,27,28,16
2024142,2024-12-09(一),07,08,11,13,15,16,29,02
2024143,2024-12-11(三),02,05,13,14,20,26,29,07
2024144,2024-12-13(五),01,06,12,17,19,20,25,15
2024145,2024-12-16(一),02,03,05,08,18,25,28,01
2024146,2024-12-18(三),01,03,05,11,16,18,24,29
2024147,2024-12-20(五),01,05,09,13,14,16,24,22
2024148,2024-12-23(一),03,10,14,15,19,23,25,26
2024149,2024-12-25(三),02,03,04,18,21,24,25,05
2024150,2024-12-27(五),04,05,08,10,16,27,28,09
2024151,2024-12-30(一),08,16,18,20,23,24,29,02
2025001,2025-01-01(三),07,08,09,13,21,26,28,06
2025002,2025-01-03(五),04,07,12,15,20,22,27,06
2025003,2025-01-06(一),02,03,06,07,18,24,26,04
2025004,2025-01-08(三),09,21,24,26,27,28,30,08
2025005,2025-01-10(五),02,06,09,13,15,21,23,18
2025006,2025-01-13(一),01,09,14,21,24,26,30,12
2025007,2025-01-15(三),07,10,12,20,22,25,29,14
2025008,2025-01-17(五),10,11,14,17,21,22,28,08
2025009,2025-01-20(一),01,07,10,12,18,26,29,04
2025010,2025-01-22(三),02,09,10,12,13,20,25,03
2025011,2025-01-24(五),03,11,12,19,22,27,29,01
2025012,2025-02-07(五),03,08,10,11,13,24,25,04
2025013,2025-02-10(一),02,03,18,20,25,26,29,22
2025014,2025-02-12(三),04,07,19,20,21,26,29,14
2025015,2025-02-14(五),01,06,08,22,25,27,29,15
2025016,2025-02-17(一),07,12,13,15,17,20,30,27
2025017,2025-02-19(三),05,06,18,20,21,23,30,14
2025018,2025-02-21(五),04,05,08,12,19,22,26,21
2025019,2025-02-24(一),05,11,14,16,21,23,26,09
2025020,2025-02-26(三),01,02,03,05,13,17,18,19
2025021,2025-02-28(五),02,03,05,06,11,13,24,26
2025022,2025-03-03(一),02,04,08,12,15,18,27,14
2025023,2025-03-05(三),06,08,16,20,21,26,30,11
2025024,2025-03-07(五),02,06,11,12,27,28,29,23
2025025,2025-03-10(一),01,07,11,15,17,19,22,23
2025026,2025-03-12(三),07,09,11,18,19,20,22,16
2025027,2025-03-14(五),06,09,15,22,23,26,30,11
2025028,2025-03-17(一),05,08,09,14,16,22,28,12
2025029,2025-03-19(三),02,05,09,13,14,17,29,15
2025030,2025-03-21(五),06,11,16,18,19,23,30,14
2025031,2025-03-24(一),05,11,13,17,19,20,23,25
2025032,2025-03-26(三),01,10,17,20,22,27,30,03
2025033,2025-03-28(五),03,09,12,15,17,20,24,13
2025034,2025-03-31(一),04,14,17,20,22,23,25,11
2025035,2025-04-02(三),01,08,12,13,21,28,30,15
2025036,2025-04-04(五),08,13,15,22,28,29,30,23
2025037,2025-04-07(一),01,03,07,21,22,23,26,13
2025038,2025-04-09(三),03,07,09,12,14,15,18,20
2025039,2025-04-11(五),02,06,14,16,22,23,24,10
2025040,2025-04-14(一),02,08,12,14,16,21,24,05
2025041,2025-04-16(三),04,13,14,15,16,18,26,01
2025042,2025-04-18(五),03,09,10,14,27,28,30,24
2025043,2025-04-21(一),04,10,13,19,23,27,28,16
2025044,2025-04-23(三),02,03,13,14,18,28,29,20
2025045,2025-04-25(五),01,08,19,21,23,26,27,17
2025046,2025-04-28(一),01,04,05,11,16,17,25,07
2025047,2025-04-30(三),08,15,19,23,25,26,27,04
2025048,2025-05-02(五),11,12,13,17,21,24,30,01
2025049,2025-05-05(一),02,09,12,13,15,16,20,08
2025050,2025-05-07(三),04,06,15,17,19,23,28,02
2025051,2025-05-09(五),10,18,19,20,21,22,24,03
2025052,2025-05-12(一),01,03,14,16,18,29,30,06
2025053,2025-05-14(三),05,06,09,10,12,19,26,18
2025054,2025-05-16(五),01,05,09,14,19,23,25,17
2025055,2025-05-19(一),03,04,07,16,20,22,27,19
2025056,2025-05-21(三),02,03,08,12,14,24,27,13
2025057,2025-05-23(五),03,07,10,11,16,22,25,02
2025058,2025-05-26(一),01,02,08,13,14,25,28,19
2025059,2025-05-28(三),01,03,05,06,11,20,21,19
2025060,2025-05-30(五),03,08,21,22,24,27,29,26
2025061,2025-06-02(一),04,06,10,16,17,23,30,22
2025062,2025-06-04(三),02,05,09,15,19,26,28,13
2025063,2025-06-06(五),01,03,08,14,19,24,26,17
2025064,2025-06-09(一),02,05,06,08,16,20,30,11
2025065,2025-06-11(三),03,05,07,11,13,22,26,21
2025066,2025-06-13(五),01,08,09,13,15,23,26,07
2025067,2025-06-16(一),02,03,04,18,26,28,30,01
2025068,2025-06-18(三),09,14,16,21,22,23,29,26
2025069,2025-06-20(五),02,04,07,08,10,12,16,29
2025070,2025-06-23(一),14,16,17,19,20,25,30,01
2025071,2025-06-25(三),11,15,18,21,22,27,28,20
2025072,2025-06-27(五),09,14,16,17,21,25,28,15
2025073,2025-06-30(一),05,12,15,17,20,22,27,29
2025074,2025-07-02(三),01,07,08,19,22,23,24,15
2025075,2025-07-04(五),02,03,10,11,13,16,22,09
2025076,2025-07-07(一),01,08,15,16,20,23,25,17
2025077,2025-07-09(三),01,05,12,17,26,27,28,16
2025078,2025-07-11(五),01,03,06,11,16,17,20,21
2025079,2025-07-14(一),04,07,10,11,12,28,29,15
2025080,2025-07-16(三),03,16,17,19,21,22,23,11
2025081,2025-07-18(五),05,08,18,20,22,27,29,10
2025082,2025-07-21(一),05,07,08,10,13,27,29,02
2025083,2025-07-23(三),01,03,09,12,20,23,27,07
2025084,2025-07-25(五),02,06,15,18,20,28,29,25
2025085,2025-07-28(一),03,05,14,17,20,23,25,06
2025086,2025-07-30(三),09,11,13,15,19,25,28,24
2025087,2025-08-01(五),02,05,08,11,26,29,30,23
2025088,2025-08-04(一),02,04,06,13,18,26,27,30
2025089,2025-08-06(三),01,06,07,16,20,24,26,28
2025090,2025-08-08(五),04,05,07,10,14,26,30,12
2025091,2025-08-11(一),04,09,10,19,21,28,30,06
2025092,2025-08-13(三),01,05,12,14,21,23,24,04
2025093,2025-08-15(五),04,11,14,24,25,26,27,08
2025094,2025-08-18(一),06,07,08,09,18,21,25,30
2025095,2025-08-20(三),03,05,09,13,24,28,29,06
2025096,2025-08-22(五),04,05,08,11,18,23,25,24
2025097,2025-08-25(一),01,06,08,09,19,20,21,05
2025098,2025-08-27(三),01,06,09,17,23,24,25,03
2025099,2025-08-29(五),03,09,10,11,15,20,24,29
2025100,2025-09-01(一),09,12,15,20,27,28,29,22
2025101,2025-09-03(三),02,03,07,08,14,26,27,09
2025102,2025-09-05(五),06,18,19,21,26,29,30,04
2025103,2025-09-08(一),01,08,09,12,18,22,23,21
2025104,2025-09-10(三),01,04,06,09,11,13,14,12
2025105,2025-09-12(五),01,02,10,16,18,23,26,30
2025106,2025-09-15(一),05,13,14,18,26,27,28,25
2025107,2025-09-17(三),06,13,22,23,24,28,29,04
2025108,2025-09-19(五),04,13,14,19,22,25,28,18
2025109,2025-09-22(一),04,05,06,13,18,25,27,14
2025110,2025-09-24(三),07,08,09,10,13,14,27,29
2025111,2025-09-26(五),01,05,06,09,11,19,28,20
2025112,2025-09-29(一),03,08,09,11,13,15,25,02
2025113,2025-10-06(一),01,06,08,14,17,20,26,18
2025114,2025-10-08(三),05,06,13,16,21,25,30,27
2025115,2025-10-10(五),01,05,06,08,09,10,29,20
2025116,2025-10-13(一),02,05,16,19,20,26,30,08
2025117,2025-10-15(三),01,03,09,22,25,29,30,06
2025118,2025-10-17(五),07,11,12,25,26,29,30,23
2025119,2025-10-20(一),04,10,11,22,23,25,30,28
2025120,2025-10-22(三),01,04,06,09,12,14,21,26
2025121,2025-10-24(五),03,05,11,15,22,26,28,29
2025122,2025-10-27(一),01,05,06,13,22,26,29,11
2025123,2025-10-29(三),01,03,08,10,16,21,29,15
2025124,2025-10-31(五),05,10,14,15,16,18,23,17
2025125,2025-11-03(一),04,09,23,25,26,29,30,16
2025126,2025-11-05(三),14,15,17,20,22,26,29,01
2025127,2025-11-07(五),04,12,19,20,22,24,29,01
2025128,2025-11-10(一),01,03,07,11,13,22,28,26
2025129,2025-11-12(三),01,03,07,20,22,26,29,06
2025130,2025-11-14(五),02,03,09,11,14,23,27,04
2025131,2025-11-17(一),03,07,09,13,15,19,25,28
2025132,2025-11-19(三),04,09,15,20,23,25,27,21
2025133,2025-11-21(五),02,05,10,11,12,22,24,06
2025134,2025-11-24(一),01,02,07,13,22,25,29,19
2025135,2025-11-26(三),05,06,12,22,26,27,29,08
2025136,2025-11-28(五),02,04,06,10,24,27,30,25
2025137,2025-12-01(一),02,05,10,12,15,20,25,13
2025138,2025-12-03(三),07,09,10,12,22,23,24,04
2025139,2025-12-05(五),01,02,19,20,26,27,28,23
2025140,2025-12-08(一),01,06,07,09,13,20,27,30
2025141,2025-12-10(三),01,03,05,14,24,25,28,10
2025142,2025-12-12(五),07,09,20,21,24,27,29,25
2025143,2025-12-15(一),05,11,18,21,27,28,30,01
2025144,2025-12-17(三),01,03,09,19,24,27,28,21
2025145,2025-12-19(五),02,08,10,20,26,27,28,11
2025146,2025-12-22(一),04,14,18,22,24,28,30,26
2025147,2025-12-24(三),01,04,08,12,13,25,27,09
2025148,2025-12-26(五),04,05,07,13,14,23,30,12
2025149,2025-12-29(一),01,03,04,05,07,11,12,29
2025150,2025-12-31(三),03,09,16,17,20,26,28,23
2026001,2026-01-02(五),05,07,13,15,20,22,29,11
2026002,2026-01-05(一),05,07,08,14,17,23,27,29
2026003,2026-01-07(三),01,15,18,19,28,29,30,22
2026004,2026-01-09(五),07,14,17,21,23,24,25,19
2026005,2026-01-12(一),09,11,18,19,22,25,26,08
2026006,2026-01-14(三),05,06,14,21,22,25,29,28
2026007,2026-01-16(五),04,06,14,19,20,25,27,29
2026008,2026-01-19(一),01,03,12,14,24,29,30,19
2026009,2026-01-21(三),01,04,07,17,20,29,30,19
2026010,2026-01-23(五),01,14,15,18,21,28,29,24
2026011,2026-01-26(一),05,08,09,13,18,25,26,20
2026012,2026-01-28(三),16,18,22,23,24,25,29,07
2026013,2026-01-30(五),09,12,14,20,26,28,30,27
2026014,2026-02-02(一),01,09,10,13,21,28,30,04
2026015,2026-02-04(三),01,05,09,17,23,27,28,30
2026016,2026-02-06(五),02,06,10,14,18,19,23,11
2026017,2026-02-09(一),04,13,15,16,19,26,27,18
2026018,2026-02-11(三),12,15,16,18,19,23,29,26
2026019,2026-02-13(五),02,07,09,17,24,27,30,08
2026020,2026-02-25(三),02,04,12,16,21,22,24,11
2026021,2026-02-27(五),02,08,13,14,15,18,23,24
2026022,2026-03-02(一),01,10,11,13,16,23,24,29
2026023,2026-03-04(三),03,06,07,08,14,23,26,13
2026024,2026-03-06(五),03,06,09,11,14,19,28,16
2026025,2026-03-09(一),04,11,14,15,19,25,26,21
2026026,2026-03-11(三),06,13,17,19,24,26,30,02
2026027,2026-03-13(五),07,11,13,17,21,24,28,25
2026028,2026-03-16(一),06,15,17,18,21,26,29,24
2026029,2026-03-18(三),09,12,16,18,21,23,24,26
2026030,2026-03-20(五),07,09,12,14,15,18,27,28
2026031,2026-03-23(一),04,08,13,24,28,29,30,09
2026032,2026-03-25(三),05,06,15,18,23,27,28,19
2026033,2026-03-27(五),11,18,21,22,23,26,27,02
2026034,2026-03-30(一),10,11,12,14,16,22,25,03
2026035,2026-04-01(三),02,03,09,24,26,27,29,14
2026036,2026-04-03(五),09,12,15,19,22,24,28,07
2026037,2026-04-06(一),05,07,12,15,20,25,26,24
2026038,2026-04-08(三),06,08,13,14,20,23,27,01
2026039,2026-04-10(五),02,03,10,11,12,24,25,07
2026040,2026-04-13(一),03,06,09,10,13,17,27,16
2026041,2026-04-15(三),02,06,11,16,17,29,30,12
2026042,2026-04-17(五),02,07,09,11,17,20,29,30
2026043,2026-04-20(一),07,09,11,13,22,23,30,06
2026044,2026-04-22(三),03,14,15,16,26,27,29,30
2026045,2026-04-24(五),03,15,17,18,21,22,24,08
2026046,2026-04-27(一),01,13,18,21,24,25,29,14
2026047,2026-04-29(三),02,10,15,17,21,22,24,13
2026048,2026-05-01(五),13,14,15,16,17,18,26,09
2026049,2026-05-04(一),16,19,20,23,25,28,30,06
2026050,2026-05-06(三),05,07,09,14,20,26,30,18
2026051,2026-05-08(五),13,16,18,22,23,28,30,24
2026052,2026-05-11(一),01,02,10,21,25,26,29,18
2026053,2026-05-13(三),04,11,12,14,19,25,27,07
2026054,2026-05-15(五),07,08,09,10,15,23,28,13
2026055,2026-05-18(一),05,06,11,14,17,19,20,18
2026056,2026-05-20(三),02,03,04,08,12,15,26,22
2026057,2026-05-22(五),05,08,14,15,18,22,27,11
2026058,2026-05-25(一),06,09,10,14,16,18,30,12
2026059,2026-05-27(三),07,08,09,17,26,28,30,11
2026060,2026-05-29(五),02,09,16,19,22,28,29,03
2026061,2026-06-01(一),10,16,18,19,20,25,27,26
2026062,2026-06-03(三),02,07,24,25,27,29,30,16
2026063,2026-06-05(五),03,07,08,11,14,21,30,19
2026064,2026-06-08(一),04,06,10,13,16,18,26,27
2026065,2026-06-10(三),04,09,17,18,24,27,29,05
2026066,2026-06-12(五),10,11,12,13,14,15,17,06
2026067,2026-06-15(一),02,05,15,17,23,25,30,16
2026068,2026-06-17(三),06,07,12,13,22,25,26,27
2026069,2026-06-19(五),03,04,12,14,15,27,30,28
2026070,2026-06-22(一),02,04,07,08,14,24,27,16
2026071,2026-06-24(三),10,12,14,20,25,26,30,21
2026072,2026-06-26(五),14,16,17,24,25,27,28,09
2026073,2026-06-29(一),01,03,06,16,25,27,29,09
2026074,2026-07-01(三),08,14,17,22,28,29,30,12
2026075,2026-07-03(五),04,06,07,10,12,15,19,30
2026076,2026-07-06(一),01,02,07,13,16,19,22,03
2026077,2026-07-08(三),02,07,10,13,14,17,26,27
2026078,2026-07-10(五),05,10,12,14,19,20,27,21
2026079,2026-07-13(一),03,07,12,23,24,28,30,10
2026080,2026-07-15(三),03,06,08,20,25,26,30,07
2026081,2026-07-17(五),01,06,08,12,18,21,24,23
2026082,2026-07-20(一),04,05,06,12,16,29,30,21
2026083,2026-07-22(三),01,03,21,22,25,26,28,14
